Date,Actual_Return,Baseline_Lasso_Prediction,Tuned_Lasso_Prediction
2023-07-11,0.0128104143346199,0.0008611165540832829,0.0005788801773394601
2023-07-12,0.0015324108197861,0.0049417099261907255,0.003813261933744006
2023-07-13,0.0004592781602337,0.0029777092524681413,0.002278285794475223
2023-07-14,-0.0039360823580763,-0.0023318199606506282,-0.0017350265429258499
2023-07-17,0.0126222802195776,0.0010104020241930292,0.0007580695891344604
2023-07-18,0.0001517429045972,-0.00042537967491820805,-0.0003494316597174446
2023-07-19,-0.0046631698156101,-0.00016003978523962512,-0.0001521607684410992
2023-07-20,-0.0020342782281946,0.0009701590922893983,0.0005279509047979104
2023-07-21,-0.0020384249531295,-0.0003012415905638496,-0.0002901766194830721
2023-07-24,0.0009177681383584,0.0015009867115128397,0.001020633950878857
2023-07-25,0.0034597077644026,-0.000953449902428486,-0.0007777501970399564
2023-07-26,-0.0120073995626593,0.0015955259083396236,0.001304895222329204
2023-07-27,0.0076809225040289,-0.003215979856372613,-0.0026473982707259053
2023-07-28,0.0051387711460531,0.001524490734337796,0.0011719995545954862
2023-07-31,-0.0152386100770674,-0.0009292271360337779,-0.0007298941399600314
2023-08-01,-0.0017018269642495,-0.0005753584816829984,-0.0005223073702844635
2023-08-02,-0.0027911448212779,-0.0001944365013562485,-0.00014262564892133806
2023-08-03,0.0039260178715701,-0.0009876669038787998,-0.0008378125017368529
2023-08-04,-0.0031499215966816,0.0037814883863074075,0.0028511739825744765
2023-08-07,-0.0048735188089434,0.0012313368728912723,0.0009057433735592624
2023-08-08,-0.004531822404694,0.000990504169150411,0.0006417869870925127
2023-08-09,-0.0005222204866973,0.0010356883617008035,0.000687722209962481
2023-08-10,-0.0007838424255554,-0.0007091511544863405,-0.0005365084596733593
2023-08-11,-0.001203111863771,0.00010164998397751588,-5.1513749163251826e-05
2023-08-14,-0.0042485053218492,-0.001106018483813635,-0.0009257472408266878
2023-08-15,-0.0033696785716192,-0.0007416951334206048,-0.0006328404161109514
2023-08-16,-0.0063488918382111,-0.0009001888215088389,-0.0007608950988572116
2023-08-17,0.0010609517869105,0.0014328658826926386,0.0009129797631001006
2023-08-18,0.0038101719353386,0.002286977600661563,0.0016511055024993335
2023-08-21,0.0016360008536025,0.0004178714607495158,0.00026215799186696384
2023-08-22,0.0115862657851445,-0.0003448411919709663,-0.00033792333146312654
2023-08-23,-0.0001564098483359,0.0029337317561232736,0.0022606681589952557
2023-08-24,-0.0037082411186101,-0.0008858798329766824,-0.0007564228580839824
2023-08-25,0.0035518704503103,0.0013412405782768234,0.0009220002862440976
2023-08-28,0.0096513697844355,0.0014376453841132763,0.001058004865237559
2023-08-29,0.0040198202604455,0.002200651274917899,0.0016697775959543721
2023-08-30,-0.0031423581073141,-0.00020164303538379729,-0.0001160291126656519
2023-08-31,0.0008252180232353,0.0014972450350728458,0.000996541292126255
2023-09-01,-0.0070357753538675,-0.0005518482792520763,-0.000584563076833852
2023-09-05,-0.0042140247779171,-0.0007366417585027187,-0.0007367004962881645
2023-09-06,-0.0003128457579776,0.0003376278715028669,0.00017445258107193467
2023-09-07,0.0004692637581011,0.002575098730305188,0.001884494386815512
2023-09-08,0.0025509680494884,0.0016950683537520384,0.001232549880470988
2023-09-11,-0.0062588217113738,0.0015993682317368121,0.0012387885298041756
2023-09-12,-0.0011517503252713,0.001336994336233866,0.0009247811575928797
2023-09-13,0.0004713280283196,0.002141535729056363,0.0015839975326051561
2023-09-14,0.0071471474890586,-0.0017974517285922918,-0.0014839454834455446
2023-09-15,0.0040465135766017,0.0006321218204904655,0.0005071169005600579
2023-09-18,0.0002588326661272,-1.4804739753903468e-05,-3.9030502116388626e-07
2023-09-19,0.007014664451038,0.0006061946931930246,0.00047144706258058747
2023-09-20,-0.0136619931399327,-0.0008530145687668392,-0.0005838170955529336
2023-09-21,0.0032253439402924,-0.0008225742447608188,-0.0007340858993943563
2023-09-22,-0.0045809808524143,0.0011250410851544963,0.0008367693842557722
2023-09-25,-0.0084883670118786,-0.0014301210445583712,-0.0011676104828317268
2023-09-26,-0.0152707362119944,0.00016077104947930052,3.925504190310184e-05
2023-09-27,-0.0060021354746139,-0.00039846790536836297,-0.0005578742881989904
2023-09-28,-0.0066334603916073,0.003557051531954953,0.0026635903852867703
2023-09-29,-0.0098421042458857,0.0006320460324513951,0.0004329149536325507
2023-10-02,-0.002955195304594,-0.001657780959009003,-0.0014145150241597496
2023-10-03,-0.0033487861038288,-0.001792475213655228,-0.001511446225588986
2023-10-04,-0.0010453767983574,0.0028024019350610424,0.002188199135736569
2023-10-05,0.0074586151734713,0.0016984202863624001,0.001297187298807339
2023-10-06,0.010490108470351,-0.0008127111250217744,-0.0006346662650582127
2023-10-09,0.0061986453697419,0.0008728834057715114,0.0005267001733791289
2023-10-10,0.0063206856067081,0.003099049393513733,0.002323098718556897
2023-10-11,-0.0018706079095983,0.0014970659871907264,0.0012045703892234246
2023-10-12,0.0306079017446639,-0.0016239364180716137,-0.0013557659474792148
2023-10-13,-0.0032740311580043,0.0004337549711029155,0.00028411446449258537
2023-10-16,0.0008324968566679,-0.0001818861021145097,-8.286928046121096e-05
2023-10-17,0.0168132365217318,-0.0018930215508607359,-0.0014273852218976394
2023-10-18,0.0066773830904018,-0.0013662884862841564,-0.0010790197634468431
2023-10-19,0.0071376321141812,0.0002724825127441332,0.00022234561512637487
2023-10-20,-0.0031322401557761,0.0016945254312939334,0.001394327645819002
2023-10-23,-0.0006580360180047,0.001191561289328867,0.001153813917756806
2023-10-24,0.0045970001603473,-0.00041273724679635163,-0.0002773399784843977
2023-10-25,0.0015611896722708,-0.002378393750218572,-0.0017956111570224587
2023-10-26,0.0007042731011225,0.0011544403399277444,0.00101836718299061
2023-10-27,0.0038144875229854,0.0009586815097405622,0.0007485719672583131
2023-10-30,-0.0055257086747362,0.0008598668759049134,0.0009469905534464824
2023-10-31,-0.0032290150880346,0.00018643452343980205,0.00027345098719968404
2023-11-01,0.0034304981256059,0.003458773079922472,0.002709490107178338
2023-11-02,0.0029670004669155,0.0025993106813043134,0.002141060961819061
2023-11-03,-0.004983536766928,0.0031121083476089756,0.0026296998568616386
2023-11-06,-0.0074967054908098,-0.0021116045976260454,-0.0015886503760913122
2023-11-07,-0.0078095737432913,0.00014281237990612758,0.00024263838334850582
2023-11-08,0.0064867052439646,0.001272217849637196,0.0010903126898636675
2023-11-09,-0.0162187789321813,-0.003754280370064231,-0.0027993112288697965
2023-11-10,0.0066527794921554,0.0017441383086307504,0.0012320523481515722
2023-11-13,0.0083434305950576,-0.00039282488710859617,-0.0002625756445450299
2023-11-14,-0.0008669641439556,0.006817857448089725,0.0053989567187721944
2023-11-15,0.0120691367791111,-0.00046512515236624163,-0.00030995225981331144
2023-11-16,-0.0011600298000506,0.0003473897718076958,0.00046566910767122116
2023-11-17,-0.0019700582161406,0.0015993582516156495,0.0011542029599067563
2023-11-20,0.0108626150617667,0.0012295683131609957,0.0008960233086268618
2023-11-21,-0.003959222486665,-0.0005338040383105669,-0.00033353916200456026
2023-11-22,0.0054086303844145,0.0009595920998300129,0.0006935754690522054
2023-11-24,0.0047833163729554,-0.0007014681186096692,-0.00040836053879199884
2023-11-27,0.0137728462905455,0.0005864180644874665,0.0005098875133826022
2023-11-28,0.0036214312587578,0.003551032996118804,0.0027382406310666216
2023-11-29,-0.0044061562069063,0.0016438993692246802,0.0012244718092913583
2023-11-30,0.0160135930820849,-0.0017957983234724562,-0.0013482740264543925
2023-12-01,-0.0229064371557828,0.0031404858594717045,0.002550386214565981
2023-12-04,-0.0027704839468058,-0.0008006992600247877,-0.0006053343570982896
2023-12-05,0.0059274068333569,0.0016201011297409245,0.0012649207197522137
2023-12-06,-0.0002955253604061,2.03227333538229e-05,0.00022264418397672823
2023-12-07,-0.015689699243871,0.001451536272300281,0.0012202355264395075
2023-12-08,-0.0102106103394178,-0.00038538764242127736,-0.00041318020981427573
2023-12-11,-0.0001010926586668,0.0008021714914178977,0.0006104317855610737
2023-12-12,0.0022726708042306,0.001322990622993481,0.0011976192146780505
2023-12-13,0.0238764749712153,0.006482599668818506,0.00492706621042089
2023-12-14,-0.0044923807443042,0.00527440147314626,0.0041386599297762
2023-12-15,0.0025695884133357,0.0003163114290525666,0.00022726332007831342
2023-12-18,0.0059537043864478,0.00016918198543032406,0.000145066356631563
2023-12-19,-0.0019151099131709,0.0004937976493210436,0.0004562845212101416
2023-12-20,0.0022584336059975,0.0014141879365296864,0.001032856552998015
2023-12-21,0.0087887493834624,0.0006979948680854762,0.0006083906756518527
2023-12-22,0.0005345192470838,0.0010789152379868795,0.0008980376594938274
2023-12-26,0.0114491006961663,0.000987948414758101,0.0007145718151846453
2023-12-27,-0.0038500458433421,0.001556557653351146,0.0013557386632248724
2023-12-28,-0.0055605396969713,-0.0005257558147305022,-0.0003331479565675953
2023-12-29,0.0009692741355228,0.0008036200095912467,0.0005851918221705713
2024-01-02,-0.0147369827817693,-0.0011657550626521826,-0.0009606309449514709
2024-01-03,0.0039740504436172,0.001539886863271289,0.0010294899341986201
2024-01-04,4.895124937695209e-05,-0.0008661900446728398,-0.0006395706435220797
2024-01-05,-0.0077660989134803,0.0005795734017541795,0.0004029964492272563
2024-01-08,-9.86682319452515e-05,0.0016193770284434446,0.0013083205496596966
2024-01-09,-0.0023221142671955,0.000995953684533705,0.0006788526003242706
2024-01-10,-0.0036669527431482,0.001235751004336007,0.0009954713727058592
2024-01-11,0.0159569514032824,0.0032266844837121984,0.0024029249465066147
2024-01-12,-0.0101653103197731,0.0022382464881164246,0.0016944307548594525
2024-01-16,-0.0116170817261091,-0.0014529145155550759,-0.0012254750858201862
2024-01-17,0.0079578656276874,-5.804416333421219e-05,-6.699826723985836e-05
2024-01-18,0.0039059773581561,-1.6990839327654238e-05,-6.009319652747799e-05
2024-01-19,-0.0033116463011742,0.0006113093749073432,0.0005505023568077573
2024-01-22,0.0019289741822805,0.001625340141357367,0.0011798051575464036
2024-01-23,-0.004854342213876,0.0004349743091795996,0.00033188241751170493
2024-01-24,0.0014885385122534,0.0011711453662843882,0.0008578591807787198
2024-01-25,-4.9570163444326434e-05,0.001177893658421878,0.0007292769660588422
2024-01-26,0.0041563159010782,0.0013078614852921702,0.0009576693178194068
2024-01-29,0.0031059994423007,0.0017530286204526908,0.0013197659284474763
2024-01-30,0.0082845164862083,0.0005377702183413442,0.00042446647437261614
2024-01-31,0.0022431851049437,0.0016821032143087518,0.0013271748407697591
2024-02-01,-0.0082659366317123,0.001403757458998047,0.001196176063049538
2024-02-02,-0.0051209056717828,-0.0031304294232446916,-0.00244116095971883
2024-02-05,0.0043347927263062,-0.0013747345016334159,-0.0011738346993617026
2024-02-06,0.0003439817122514,0.001638112639204678,0.001281500402221116
2024-02-07,-0.0014751441294395,0.0007101678402223005,0.0005285529615206696
2024-02-08,-0.0043890601064939,-0.0008544003056975558,-0.0007460878531400966
2024-02-09,-0.0025238650815326,0.0008341779876534828,0.0005827754160514653
2024-02-12,-0.0126151242467044,0.0002692371573166669,0.000159961621784285
2024-02-13,-0.0013054709316034,-0.002116976509080973,-0.0018050707346236833
2024-02-14,0.0059112118252038,0.002231224390061447,0.0017181575509584018
2024-02-15,0.0046840949064166,0.0014087344096059152,0.0010747068873092473
2024-02-16,0.007922794599725,-0.001081062586084139,-0.0008611305583964266
2024-02-20,-0.0025680053172179,0.00038086038108826425,0.0003580945406627622
2024-02-21,-0.0012865403339371,0.000854525250122536,0.0006260318326902442
2024-02-22,0.009314324420003,0.0005693701855579273,0.0004573676725436722
2024-02-23,-0.0049666821119138,0.0008047732145695012,0.0007242538906221156
2024-02-26,0.0027076939620032,0.0008163134256180299,0.0005489269134711036
2024-02-27,-0.0004917629801586,0.0011886801851988668,0.0008723961397247757
2024-02-28,0.0062274706977065,0.0012740853163433186,0.0009129754300151432
2024-02-29,0.0199396591398434,0.0003788012788852377,0.0002831269073967094
2024-03-01,0.0146509065464899,0.001437670345717833,0.0011364811468194233
2024-03-04,0.007433252615668,-0.000931428246884374,-0.000551892843190327
2024-03-05,0.0078435663508754,0.0008701539696346072,0.0007579991189797102
2024-03-06,0.0035744768391498,-9.07421333643932e-05,7.120120521681149e-05
2024-03-07,0.009500646655496,0.0009432646607588816,0.0008722923014460148
2024-03-08,0.0017884952401814,0.0006577389552344817,0.0006385018207288433
2024-03-11,-0.0101776641978781,-0.0008493608239543995,-0.0005294023740845071
2024-03-12,0.0069191662527002,0.0007594215533072648,0.0006355988048112376
2024-03-13,-0.0057163638155206,-0.0008450423709157396,-0.000534031508150664
2024-03-14,-0.0026386845425951,-0.0030940969156903783,-0.002356250728647675
2024-03-15,0.0015747582428707,0.0010402419025343534,0.0008903716792038965
2024-03-18,-0.002038408092312,-0.0011960219023408227,-0.0008873108480902531
2024-03-19,0.0007416687251718,0.00029730287340089625,0.00022576836053517712
2024-03-20,0.0112896626157657,0.0027507134610619648,0.002231617768288598
2024-03-21,-0.0111968937035119,0.0010173505799393149,0.0008765348343309364
2024-03-22,0.0077084785250944,0.001998433672492853,0.001518378535700058
2024-03-25,0.0003678047123048,-0.00019589518252581724,-3.637767536749357e-05
2024-03-26,0.0068709900334791,0.0010118603893236233,0.0008939845407916804
2024-03-27,0.0121597708280425,0.000737663565181896,0.0006850113552062888
2024-03-28,0.0085768495755336,-0.0004009496127872767,-0.00019594417499224593
2024-04-01,0.0108950494050669,-0.001909769732338779,-0.0013976727079758084
2024-04-02,0.0146641355644599,0.00045078305372608604,0.0004320985224226465
2024-04-03,-0.0024436447730251,0.0005857812784362497,0.0006254593051839475
2024-04-04,0.0159933639117823,0.0009672509598989135,0.0008023997524924775
2024-04-05,0.0025765463327621,-0.0016399740773893122,-0.0011342609974434425
2024-04-08,0.0050479440488116,5.200743207402713e-05,0.00020820343392882341
2024-04-09,-0.0059489174406446,0.001656641415034174,0.0014331407694144814
2024-04-10,0.0107591979675619,-0.0037252314729500978,-0.0028548296249835087
2024-04-11,0.0005943121990892,0.0005237409841063159,0.0005783968200417193
2024-04-12,0.004066120662029,0.0006207445386569871,0.0005027886943091838
2024-04-15,0.010511806622644,-0.0020202244292820463,-0.0014530837942921665
2024-04-16,-0.0080210813904086,-0.001262087272298771,-0.0007766235414890931
2024-04-17,0.0044594510824546,0.0020330099695325273,0.001786591604255731
2024-04-18,0.0067353795655969,-0.0013098415180237094,-0.0008594505718759796
2024-04-19,-0.0279898004813596,9.64043622516896e-05,0.00019072703891742312
2024-04-22,-0.0019313725586944,0.0016331460931860553,0.001312094774217226
2024-04-23,-0.0013756724603899,0.0012839213930667154,0.0010736752108510112
2024-04-24,0.0022774857931127,-0.0010028254454025564,-0.0006398943794547617
2024-04-25,0.0021438073190774,-0.0010214106391851195,-0.00064497421271419
2024-04-26,0.0045296661467797,0.0014590431709907326,0.0011720493208080916
2024-04-29,-0.0232929795486803,0.000172919243848706,0.00031526029945429734
2024-04-30,0.0037026594091494,-0.0008197852898732686,-0.0006934182010036876
2024-05-01,-0.0003043861623244,0.001983478157590785,0.0016864730760188127
2024-05-02,-8.696932457233537e-05,0.002802991563191077,0.0021903416488370823
2024-05-03,0.0097823994309423,0.0016083939884433875,0.001275102693901039
2024-05-06,-0.0027605894071453,0.0003437848689939169,0.00029285496639656645
2024-05-07,-0.0006912606128823,0.000804521953943182,0.0005879620392820896
2024-05-08,0.0079643958983619,4.450546373561655e-05,-1.3252137086346182e-05
2024-05-09,0.014980894748723,0.001510725217100804,0.001152054951889446
2024-05-10,-0.01326717176702,-0.0004174389418966863,-0.00023167058440491748
2024-05-13,0.0073781354798519,0.0016142042841425692,0.0011640672767659517
2024-05-14,0.0148882149106042,0.0009821105085403112,0.0008209923347371937
2024-05-15,-0.0036487767790969,0.0020644454719867143,0.0016914113862522583
2024-05-16,0.0134386862414674,0.0006895040725957043,0.0005157059257539873
2024-05-17,0.0089556950387785,-0.0007894582930191207,-0.0005529419395781927
2024-05-20,-0.0050251162420579,-0.0004499702477519821,-0.00029381750953283567
2024-05-21,-0.0135111912825764,0.001422148481568684,0.0011490671581563746
2024-05-22,-0.0229466703181343,6.154780473440835e-05,7.085814186196421e-05
2024-05-23,-0.0010712373814988,-0.00039586636200328665,-0.00031368036964600466
2024-05-24,0.0096849750810076,0.0024707944156466474,0.0018965552957992036
2024-05-28,-0.0063464816760843,-0.0009326892692667586,-0.0007269166756698692
2024-05-29,0.001110289464388,-0.001081220740058829,-0.0008631774728669619
2024-05-30,-0.0085730735706837,0.001571813604827585,0.0013002701270638183
2024-05-31,0.0101511505854577,0.002197525541607394,0.001702930269388224
2024-06-03,-0.0090324439414323,0.001713684642821199,0.0014908831367259354
2024-06-04,0.0122234606208603,0.0020390012354867364,0.0015434277255108003
2024-06-05,0.0068580197117618,0.0003757341979687982,0.0003024437179598297
2024-06-06,-0.0278491306159932,8.39111715541957e-05,0.00011365069816697256
2024-06-07,0.0010839169709689,-0.0024393221629072704,-0.0020135521958761023
2024-06-10,-8.664897474244984e-05,-0.000824683623459752,-0.000748640729354863
2024-06-11,0.0122753775711105,0.001235683787645559,0.0009370618487584746
2024-06-12,-0.0154440105174105,0.0012210272062196034,0.0010519853859753197
2024-06-13,0.0134728491676387,0.0020088316800552265,0.0013703186802542686
2024-06-14,-0.0081829996215816,-0.0009645107699302613,-0.0007142302115047368
2024-06-17,0.0077539807631003,0.0006360763107584469,0.0003545148064179396
2024-06-18,0.0099911794480786,0.0010947060197505924,0.0007641157316025283
2024-06-20,-0.016016849994939,-0.0004900268020923159,-0.0004599654119333791
2024-06-21,0.0058540533667421,0.000830612156653393,0.000602660997336061
2024-06-24,-0.0057676319065113,0.0002615474563049471,0.000234421358428872
2024-06-25,-0.0075394205654809,0.002077100098867351,0.0015458001647329193
2024-06-26,0.0109437470428856,-3.091451704894998e-05,-0.00011371654074155595
2024-06-27,0.0013756724603899,0.0007267338112264839,0.000544463039899281
2024-06-28,-4.2898852745440194e-05,-0.00010170526486960162,-8.681989505698721e-05
2024-07-01,-0.0019782819678747,-0.0011453555320568253,-0.0009751670592317554
2024-07-02,0.0157174365870465,0.0021898015817595987,0.0017055199571176444
2024-07-03,0.0120886634725608,0.0007711407864343361,0.0006703492338977451
2024-07-05,-0.0140399250275099,0.002230286753060637,0.0018041554490775655
2024-07-08,0.0020784035788128,0.0008790880090893815,0.0006383326106806379
2024-07-09,0.0051137416303785,0.0006400803935819845,0.0005642109623697393
2024-07-10,0.0178815130749752,0.0009067522991695787,0.0007401451402154379
2024-07-11,-0.0004141644291962,0.0018745344031481162,0.001591740347975685
2024-07-12,0.0036800068503831,0.0005383802636137656,0.0005014100431883291
2024-07-15,0.016171314917783,0.000935522577010348,0.0007714921326617448
2024-07-16,-0.0030911330198242,0.00020284743259729038,0.00032556702515643403
2024-07-17,-0.0012228428297097,0.0018787778346343767,0.0014989269019244262
2024-07-18,-0.0232304912529321,0.0007334785896186936,0.0005450910604748759
2024-07-19,-0.0014621412526544,0.00019929957145319954,0.0001842272599586185
2024-07-22,0.0052537740825496,0.0011218460432555282,0.0009591309317657506
2024-07-23,0.0036115155414233,-1.458616894763141e-05,0.00012053316844647528
2024-07-24,-0.0257716551089347,-0.0001461127650401622,-2.7824454665162043e-05
2024-07-25,0.0118770170799597,0.001325185087896895,0.0009735095290585239
2024-07-26,-0.0011350772219737,0.0018805528578457274,0.0015775178112476715
2024-07-29,0.0115844930963148,0.00018147726037867805,0.00024399486748178902
2024-07-30,0.0088999863054093,-0.00013169000513958587,6.201610416607179e-05
2024-07-31,0.0034968666714193,0.0023539315174435143,0.0018674819750139602
2024-08-01,-0.0038266341350136,0.0017186619432617584,0.0013695979154867497
2024-08-02,-0.0099433227926106,0.0026931333100437297,0.0023223685835463354
2024-08-05,-0.0052600327453438,-0.0010973632798350333,-0.0008557366195104123
2024-08-06,0.000585782222436,0.0015865990303460492,0.001198192052388436
2024-08-07,0.0131736488622068,-0.0006292574850904962,-0.0005409774179301916
2024-08-08,0.0040789238864625,5.383305824193367e-05,8.532073592398598e-05
2024-08-09,0.0123813226108156,0.000835294758654203,0.0006797128326187702
2024-08-12,0.0017447607257966,0.0011077536878439944,0.0008001995791392197
2024-08-13,-0.0111291377752,0.0021177885120913413,0.0017303039204962186
2024-08-14,0.0056005032691237,0.0014291782512796264,0.0011326311806328028
2024-08-15,0.018378043436752,-0.0009048441743189767,-0.0007250676033638114
2024-08-16,0.001279878215723,0.00018013422100221274,0.0004038792782923594
2024-08-19,0.0037900744796478,0.0009560982893424461,0.0009570443834563077
2024-08-20,-0.0011555060403106,0.0019138837430132426,0.0015757382992192433
2024-08-21,-0.0118301867569216,0.0018319198824575198,0.0015593390354292588
2024-08-22,0.0118301867569217,-0.0007050327408787847,-0.0005842962310697451
2024-08-23,0.0037007061988526,0.002850368216285681,0.002268209205849762
2024-08-26,-0.0006754281156969,0.00033439113546662464,0.0002533261991926266
2024-08-27,-0.005979686942712,0.0011232463725074232,0.0009971115792218373
2024-08-28,0.0098275808015969,-0.000615990219844805,-0.00046854588016062137
2024-08-29,-0.0127105615369224,-0.0008184367890502896,-0.0005895650360723875
2024-08-30,-0.001565161353524,-5.6881394393918185e-05,3.836101274995278e-05
2024-09-03,0.0014046919562063,-0.0006065255229737924,-0.00030072691418594707
2024-09-04,0.0071931259247034,0.0009844688499674862,0.0009126908795345466
2024-09-05,-0.0071529816835019,0.00015240331232047277,0.0003085827135962984
2024-09-06,0.0033231463116611,0.0009434545243629159,0.0007599447095118338
2024-09-09,0.004188195346663,0.0006626223381861046,0.0005136157319038237
2024-09-10,-7.959205722123827e-05,0.0012909490824707403,0.0011305983520053012
2024-09-11,0.0154447219692898,0.0012059436911476325,0.0008904292515645342
2024-09-12,0.0117293493413146,-1.8340818295972368e-05,0.00010308665643611072
2024-09-13,-0.0003487790851909,0.0013587463959838547,0.001165452366421394
2024-09-16,-0.0062588318949571,0.00158148997980239,0.0012213031838611108
2024-09-17,0.0024926604313492,0.001291846875884758,0.0009519713953719056
2024-09-18,0.0067071602717054,-0.0010852978116209994,-0.0007318984459373
2024-09-19,0.0122507351922045,0.0007512317203866684,0.0005793946523507977
2024-09-20,0.0025160495810205,-0.0005868693251974224,-0.00032231266944075766
2024-09-23,0.0093601878609144,0.0002024024348361784,0.00026049523857963925
2024-09-24,0.0030129580442378,0.0019129873779044366,0.0015602496137059553
2024-09-25,0.0040156746334729,-0.0017932306614070015,-0.0012272354978640943
2024-09-26,-0.0096345834844363,-0.000998070228587179,-0.00048222933535941735
2024-09-27,-0.0031058092325682,0.0017674755783684572,0.0013917355449731745
2024-09-30,0.011766153885765,-0.0006084460939250746,-0.00041684659919966126
2024-10-01,-0.0076020050788055,0.000379827843988579,0.0003265243752513386
2024-10-02,0.0037706012139948,-0.00035844873907073206,-0.00023982159556317395
2024-10-03,-0.0042618437533547,-0.0023126506676980027,-0.00179698178726781
2024-10-04,-0.0003780289545422,-0.002479249714476855,-0.0018155628423390641
2024-10-07,-0.0113313690296709,-0.00020140888310531493,-0.0001878421210322204
2024-10-08,-0.0034476188142327,0.0010672537993234284,0.0009486712825019407
2024-10-09,0.0055868577505378,7.375083282320117e-06,1.6524312839207576e-05
2024-10-10,0.0140201601697318,0.0005892710500105109,0.0003947358586436324
2024-10-11,-0.0036943716604866,0.00014830152667589532,0.0002502593717667617
2024-10-14,0.0051231384715043,0.000972820485528001,0.0008288438104355935
2024-10-15,0.0047232152458107,-0.0001071372962421791,0.0001653222502055714
2024-10-16,0.0063373930650174,0.00039132085399178827,0.0003709516514280477
2024-10-17,0.0084001276135835,-0.0011162199002295787,-0.0008127096454222905
2024-10-18,0.0034579737223619,0.0022315400104625325,0.0018807803298864778
2024-10-21,0.0077186026310139,-0.0017260962202001813,-0.0013365255312388468
2024-10-22,-0.0109186772009492,1.5591979595673804e-05,2.5146910891954183e-05
2024-10-23,0.0075239379159915,-0.0005765317196194048,-0.00038373184462655544
2024-10-24,0.0021914615637027,0.0005673502072279133,0.000580817621395723
2024-10-25,0.0007294212625947,-0.0017244180013017466,-0.0012945425690775291
2024-10-28,0.0092537814571629,-0.001082143484048053,-0.0005800856943592272
2024-10-29,0.0072343161372402,0.0008247670030211657,0.0007426789180348622
2024-10-30,-0.018166509123427,0.0002702145882146478,0.00023113482783584385
2024-10-31,0.0001095688511384,0.0005807998063209015,0.00043017276399649735
2024-11-01,-0.000913292083432,-0.0008143462661217961,-0.0005504435561770624
2024-11-04,0.0015338367843668,0.0019554286876461847,0.0015646377958161697
2024-11-05,-0.0268881928918231,0.002556804451320416,0.0021118037881255602
2024-11-06,0.0114797401905808,-0.00035514382218936665,-0.0005047493721290586
2024-11-07,-0.0040475751210939,0.001537238089665074,0.0013593015930950924
2024-11-08,-0.0288015263656269,0.00040972980508605664,0.0003694140607506857
2024-11-11,-0.0042984220607178,0.0008016812353408764,0.0005892431583804844
2024-11-12,-0.0074119977188659,-0.0025226683615087787,-0.0019618211189921728
2024-11-13,-0.0048942019061207,0.0014242161873148937,0.0009806609754398397
2024-11-14,-0.0009739185590534,-0.000538631767247229,-0.0004535979708708101
2024-11-15,0.0173487905367438,0.00033584852024711256,0.0002491120916575612
2024-11-18,0.0063004960066535,0.000833119574352639,0.0006148782372586637
2024-11-19,0.0079995320984941,0.0003892212056560728,0.0002698899620248713
2024-11-20,0.0089845711851382,-0.0013180964793359348,-0.0010290740219087873
2024-11-21,0.0140469811344977,-0.0011733259231049107,-0.0009417620030814778
2024-11-22,-0.0349594819034073,-0.0002810673929440632,-0.0002576133797912943
2024-11-25,0.0013366177677767,0.004491915399030096,0.003429324321457108
2024-11-26,0.0074521669912282,0.0006700971622851675,0.00048138662480410514
2024-11-27,0.0064566661171555,0.0021635354952600078,0.0017586329966537034
2024-11-29,-0.0083524732312347,0.0018691944846578993,0.001521545209381889
2024-12-02,0.0037124253183831,-0.0004472412908067136,-0.0004294696968744705
2024-12-03,0.0034349746546976,0.0006280609348050934,0.00037592707072867576
2024-12-04,-0.0103023221708816,0.00115124741264391,0.0008781915495183607
2024-12-05,0.0045582391295282,0.001402762200235613,0.0011306586053274374
2024-12-06,0.0099179863380868,0.0003051279712545721,0.0002315948571773004
2024-12-09,0.012196028210303,-0.0006759460237185998,-0.0005511863783043731
2024-12-10,0.0133300755707553,-0.0006500705552058539,-0.0004372635551350328
2024-12-11,-0.0170812071435329,-0.000986301953586039,-0.000712872080650871
2024-12-12,-0.0117901618395937,-5.7490586935537654e-05,-2.8979379106286668e-05
2024-12-13,-0.0017334660635325,-0.0004363460018255898,-0.0003206895081377361
2024-12-16,-0.0026436060028242,0.0010981423299740128,0.0009823750671795126
2024-12-17,-0.0029918795594432,-0.0004160310596976204,-0.000249591901433924
2024-12-18,-0.0169453628178076,-0.005563307626913179,-0.004361184407315992
2024-12-19,0.0139824916613125,-0.0002948319827864405,-0.00028508070588332385
2024-12-20,-0.0062583308037495,0.0027588327779365877,0.002263495635433863
2024-12-23,0.0029432397448627,0.0007425665800586932,0.0004883021050326305
2024-12-24,0.0071499690974858,0.00069381912936399,0.0005137231344606409
2024-12-26,-0.0082192615136721,-0.0002572735071215773,-9.58328383489196e-05
2024-12-27,-0.0042501369327917,-0.0005621045480190784,-0.000479798689319745
2024-12-30,0.0088247104117804,0.0014339258370855792,0.0010405638126632527
2024-12-31,0.0112328678664521,-0.0005599693985567219,-0.0004675197791371954
2025-01-02,-0.0052414013919973,-0.0009643162109600756,-0.0007817373293769435
2025-01-03,-0.0024984295005021,0.0012555654696974731,0.0010149071062611052
2025-01-06,0.0069120969177432,0.0005762587725294089,0.0005364759060100721
2025-01-07,0.002931690027196,-0.0007989039773394098,-0.0006088350131487421
2025-01-08,0.0163785533611166,0.00053360734952922,0.00040851032215314444
2025-01-10,-0.0130065007091672,-0.002395518005808256,-0.0018813562781153591
2025-01-13,0.0014950479331176,0.001430982778719872,0.0009292766231727338
2025-01-14,0.0129871955268111,0.001617212250850569,0.0013630662159220025
2025-01-15,0.0124202087368545,0.002533646175063981,0.001973695946262955
2025-01-16,-0.000764876477197,0.0008716396106803683,0.0008490429318450707
2025-01-17,0.0038913914786424,-0.000699685079242957,-0.0004113983024538225
2025-01-21,0.0045631113231767,0.0008924161409520103,0.001000092180451376
2025-01-22,-0.0016272807543716,-0.0005073252886730719,-0.0002696892506936549
2025-01-23,0.005125977145751,-0.0004890398789154939,-0.0002664858171848353
2025-01-24,-0.0144341551768146,0.001653658093876751,0.0014213363057610934
2025-01-27,0.0106463402495426,0.002313641136310057,0.0018636503151378393
2025-01-28,0.0008309575316066,-0.0006772653161985877,-0.0004544672001023334
2025-01-29,0.0192777563475837,-0.00037014782112265753,-9.471675556291432e-05
2025-01-30,-0.0037263817408137,0.00017363909385542756,0.0004229124876497854
2025-01-31,0.0075800528402683,-0.0002965941580226221,-0.00014037262184824102
2025-02-03,0.0068224159163659,-0.0001409885009979843,-8.088531898874465e-05
2025-02-04,0.0063931634406264,0.0012602497963936118,0.0012367444470059023
2025-02-05,-0.0054473552504613,0.001823318370150194,0.0016785630093017715
2025-02-06,0.0039487929743871,-0.00031286219191283373,-0.00011106231316400275
2025-02-07,0.0162588330465685,-0.0009748137967724628,-0.0006295740871759511
2025-02-10,-0.0006178516064746,-0.00036509049230943,-0.00018062152666245817
2025-02-11,-0.0012024393787544,0.0007744809139696927,0.0007279456545083796
2025-02-12,0.0057927127743943,-0.0020934589907321386,-0.0013512757070170511
2025-02-13,-0.0145625448730855,0.0025538359749364696,0.0021629101703560614
2025-02-14,0.0165088349667714,0.00284102665224937,0.0022982840309664736
2025-02-18,-0.0041703001175996,-0.0019784849296629312,-0.0014262670204639146
2025-02-19,0.0070314990870447,0.0014331586442168304,0.0011685370976836377
2025-02-20,-0.0008166266630073,0.001620549606965253,0.0014626019838976081
2025-02-21,0.0035000646341924,2.459805931796246e-05,0.0001856552738677455
2025-02-24,-0.0148317608713252,0.0008136888085571901,0.0007037332651212021
2025-02-25,0.0042258832321174,0.0021029083111258045,0.0017823934845753175
2025-02-26,-0.0115863701860789,9.014617359228328e-05,0.0002057176817643623
2025-02-27,-0.0162240979462863,-0.000801661232576189,-0.000717725721490295
2025-02-28,0.0186490134375147,0.0027522189505275675,0.0020353618568679545
2025-03-03,0.0066899612663868,0.0007681477966577544,0.0008949760052783394
2025-03-04,0.0019570989537602,5.83186784466911e-05,0.00025585392260142777
2025-03-05,0.0004458405723709,-0.001105087933441971,-0.0006567648760257574
2025-03-06,-0.0040884898428904,0.0010382605860038917,0.0010006223659835263
2025-03-07,-0.0047276349031359,0.0008166219590879044,0.000676620305994188
2025-03-10,0.0075466519578201,0.0015713021999614126,0.001226361439146264
2025-03-11,0.0089543302711225,-0.0007067276676591184,-0.0004389438425423868
2025-03-12,0.0152617845796355,-0.0005597128587993515,-0.0004133838155423459
2025-03-13,0.0034120428795928,-0.0003017413553746454,-7.110369334120074e-05
2025-03-14,0.0018350159457296,0.00038729948051994883,0.00038229677278037004
2025-03-17,0.0116321164053355,1.349574162079752e-05,0.00014234349097759323
2025-03-18,0.0002634836739012,0.0002949087313049297,0.00034616127324012914
2025-03-19,0.0013496266707838,0.0022476549413196524,0.0017395884432120504
2025-03-20,-0.0071969043937131,0.0006457158733326374,0.0004560009619978596
2025-03-21,-0.0016911295043418,0.0007551747762321156,0.000564373682025274
2025-03-24,0.0035117493782604,-0.00047745417024821926,-0.0003612146827946679
2025-03-25,-0.0009264629905246,0.0022061338488296987,0.0017769132846905205
2025-03-26,0.0129254894419038,0.00020176109937804508,0.0001448751303803379
2025-03-27,0.0085575055020983,0.00017001389100417186,0.00030661634787460315
2025-03-28,0.0116922880481929,0.0011927813041649174,0.0010975921002484177
2025-03-31,-0.0012497066576345,0.00044196997423573924,0.00043379408177863555
2025-04-01,0.0067105769351938,0.0007857960029783007,0.0007569253785564234
2025-04-02,-0.0137570201865,0.0001054727832418375,0.00027021856024572386
2025-04-03,-0.0278295910534185,0.0031303328641278283,0.002741210805596293
2025-04-04,-0.0203585421452193,-0.004278597082400025,-0.0031090990692351885
2025-04-07,0.0057772864227977,-0.0016395319664033047,-0.0012004109630848832
2025-04-08,0.0292474162714175,-0.0006165867730387952,-0.0003195467739267985
2025-04-09,0.0317813994640908,0.0025945191982179577,0.0021853836584616554
2025-04-10,0.0210124709703548,-0.0020814973785049937,-0.0009587595375947855
2025-04-11,-0.0054146397557367,-8.543517347600876e-05,0.0002943566317227513
2025-04-14,0.0043278349931827,0.005240023476112011,0.004128043992251565
2025-04-15,0.0329732545719371,-0.0013586621732808528,-0.0008661595421011207
2025-04-16,-0.0053954424898931,0.0008766634635586036,0.0010149545780578863
2025-04-17,0.0274553641796997,0.0015239610739486505,0.0012228173120936011
2025-04-22,-0.0372959606271875,0.0007789590762747307,0.000940644379293437
2025-04-23,0.0168579725115056,0.000501620121518372,0.0005259039849375055
2025-04-24,-0.0149978919102349,0.0028424367676742426,0.002509104271989349
2025-04-25,0.0151479406763654,0.0010590274228330936,0.0009888160898829516
2025-04-28,-0.0041194865501492,0.000695517832502361,0.0009155266499789171
2025-04-29,-0.0041668132169278,0.00057397800543997,0.0006871446989512927
2025-04-30,-0.029165536161725,0.00015616667916398016,0.00030074880875088136
2025-05-01,0.0067992322278356,-0.0011346184889784307,-0.0009480933312415989
2025-05-02,0.0242707069040356,-0.00017033552660584723,0.00010285957493006586
2025-05-05,0.0297818593243955,-0.0008614414426396015,-0.0003432053189984192
2025-05-06,-0.0088329395578821,0.0010164203882931729,0.0011501897249150497
2025-05-07,-0.025398132101867,0.0007402898814503311,0.0008613854967644832
2025-05-08,0.011700918988177,-0.001411497245548991,-0.001079614755795085
2025-05-09,-0.0352112233703022,1.0962821746916276e-05,0.0002636695326500842
2025-05-12,0.0062845736230977,-0.0015482531151244168,-0.0013074743610461885
2025-05-13,-0.0183446123932906,0.0009689247629756943,0.0008532644028989181
2025-05-14,0.012277391287757,0.0011972888743806906,0.0009043009439903091
2025-05-15,-0.0120887821582857,0.001132334741857853,0.0010841934186997166
2025-05-16,0.0146315617961965,0.0013248788480806043,0.000937333325821227
2025-05-19,0.0157934048016337,0.001768455417907981,0.0014681404572944462
2025-05-20,0.0088018049027029,-0.00032752553131484884,-0.00010601466924683891
2025-05-21,-0.0051502779102344,-0.0017120324937236401,-0.0010946083559934248
2025-05-22,0.0214254345039647,0.0011071567670831448,0.0008563901853433299
2025-05-23,-0.0193621244061215,0.00031531959437111195,0.00047311610463966953
2025-05-27,-0.0016685124798728,0.003101144426684055,0.0023353655860613677
2025-05-28,0.0071097155507132,-0.0007934152889217576,-0.0006256990200344732
2025-05-29,-0.0085378040007891,0.0013582626815153106,0.0012173926553118108
2025-05-30,0.0245376663589512,0.0016727803958532614,0.0013170001087618624
2025-06-02,-0.0060707680599799,-0.0008251969304762059,-0.00039622186115966223
2025-06-03,0.0069307501125834,2.3468668982439228e-05,1.0767617425005559e-05
2025-06-04,-0.0067815164251042,0.002213495660781345,0.0018150354394453148
2025-06-05,-0.0083915739261592,-0.0001832459890111015,-6.752792871441061e-05
2025-06-06,0.0028250744326858,-0.0013120437162556901,-0.0010015896535204463
2025-06-09,-0.0033669640443006,0.00047828163023251727,0.0004136523906979556
2025-06-10,0.0001204861304389,0.00037424829306548116,0.00037337838091842544
2025-06-11,0.0177856301025344,0.0028305792508099004,0.002163780333205251
2025-06-12,0.0147681226344692,0.0013149509632945132,0.0012817111683016353
2025-06-13,-0.010194021599707,-0.001079589182059088,-0.00089636520663114
2025-06-16,-0.002889521305023,0.0009761457068431568,0.0009374172502298522
2025-06-17,0.0009444399210661,0.0006451889806162626,0.00040047792202509255
2025-06-18,-0.0064221208610746,6.644302753994782e-05,0.00017003303663809896
2025-06-20,0.0028461738938607,0.0007456361440651312,0.0005781755096320848
2025-06-23,-0.0180136758868114,0.000644605340959961,0.0008482465273138459
2025-06-24,0.0029197688926843,0.0028815369348735944,0.0023729527756131317
2025-06-25,0.0019217200310753,0.00035863698601475754,0.000356122301158665
2025-06-26,-0.0181019742730621,0.0009763725911691447,0.0008747213830297492
2025-06-27,0.0063031988453655,0.00029608996357003233,0.00013946944981219409
2025-06-30,0.012758252337171,0.0014352824487823587,0.001232684544115612
2025-07-01,0.0033808726417766,-0.0003497676585160225,-0.00017027972149766583
2025-07-02,-0.0049104542360636,-7.772796987513114e-05,-4.0073140506858e-05
2025-07-03,0.0001800334682463,-0.00020132986119105432,-0.000172563368989321
2025-07-07,-0.0075912978597557,-0.0013273945294257964,-0.0010819390113799587
2025-07-08,0.0013900517720019,0.000576876081846497,0.00043861815750572243
2025-07-09,0.0017498283805606,0.001164359515528126,0.000914983145923435
2025-07-10,0.0115684744527417,0.0006329006509081097,0.0005656399547315309
2025-07-11,-0.0013417817890844,-0.0009779737158137848,-0.0007407281207057487
2025-07-14,-0.0064957500232793,0.0012311925750847948,0.0009482504780545373
2025-07-15,0.0067940793811005,-0.00022265518934725293,-0.00023780530178674436
2025-07-16,-0.003705560276001,0.0010639072175076044,0.0008688899413443608
2025-07-17,0.003854691586396,-0.0003712277295826054,-0.00034831059387125404
2025-07-18,0.0144786028773285,0.00024627844078852846,0.0002454974387702811
2025-07-21,0.0109048016409905,0.0014143423066384545,0.001269105985355846
2025-07-22,-0.0132002130924936,0.0005723153955584748,0.0006129275455814612
2025-07-23,-0.0068292226579931,2.343177678854405e-05,0.00014162608507547255
2025-07-24,-0.0110366519233214,0.0005257852502899573,0.00033013592514286256
2025-07-25,-0.0074965057238816,0.0007174901560348271,0.0005826948696782609
2025-07-28,0.0043120472958143,-3.343118998009128e-05,-0.000148659395894594
2025-07-29,-0.0083393804907852,0.0015046699432516228,0.0010776513152570646
2025-07-30,-0.0007892237945701,-0.001678630183976917,-0.0014123344053390981
2025-07-31,0.0164138066768746,-0.00028356551495208916,-0.00021103485552697058
2025-08-01,0.0079439735099882,0.003004979110289904,0.0025771746563600564
2025-08-04,0.0022201510582657,0.0015672777030771344,0.0013003529193541046
2025-08-05,-0.0005619433653809,-0.0006538640528035722,-0.0003594026078520803
2025-08-06,0.0059879678887474,0.00052937558450113,0.0005729158477121451
2025-08-07,0.0113461602599774,0.00023272750614939172,0.0002730375835473492
2025-08-08,-0.0253245174419455,0.0009682018068000019,0.0008308955166058852
2025-08-11,-0.0012534156557426,0.0008311225545778409,0.0005749648737270407
2025-08-12,0.0029220752624799,0.00038074975291919324,0.000445836828825157
2025-08-13,-0.0070213468642332,0.0025240633744176167,0.0020443261793624363
2025-08-14,0.0002398515522892,-0.0003286580967580124,-0.00028970050400453726
2025-08-15,-0.0012898149154139,0.000772013862572359,0.0007289678717317426
2025-08-18,-0.005507846531911,0.0008339244590088192,0.0005754006760201242
2025-08-19,0.0090134010285528,0.0013232719537316139,0.0010059074234164737
2025-08-20,-0.0019460210593331,-4.1097527569839136e-05,-1.017842796976684e-05
2025-08-21,0.0111752987836475,-0.00012075709311978693,-0.0001465135770865486
2025-08-22,-0.0001777817852302,0.0035572731716853414,0.002840974389766861
2025-08-25,0.0043771655441112,-0.0012501615841474182,-0.0010009631944622682
2025-08-26,0.0047106015210283,0.0016102161354925586,0.0013458454320674305
2025-08-27,0.00795743201557,0.0002542467197838566,0.00023573872404031104
2025-08-28,0.0121353751501606,-3.1686730200921383e-06,0.00017353279012278144
2025-08-29,0.0215582533571917,-0.0005328325081002119,-0.0002581765330554853
2025-09-02,0.012264609179004,-0.002559866246961827,-0.0018598546460533143
2025-09-03,-0.0076547104718895,0.0009402298758160013,0.0009914654013292964
2025-09-04,0.0132053464677451,0.0006517867895530121,0.0005799505995349979
2025-09-05,0.0068678014116357,0.0014765097584179187,0.0014232224090186389
2025-09-08,0.0014282835584511,0.0005120556633993737,0.000577219589963912
2025-09-09,8.235294082891736e-05,-0.0003500557144327669,-0.0001437029121089616
2025-09-10,-0.001840587103648,0.0004888469081203311,0.0005197046224785226
2025-09-11,0.0034311001737597,0.0002727128374825071,0.000431152901549937
2025-09-12,0.0089476426196229,-0.00022272562784215208,-1.8957406025983182e-05
2025-09-15,0.001817897776495,0.00021172031296402718,0.0003458599376839722
2025-09-16,-0.0019265078645296,0.0014810154241379654,0.001312034517731909
2025-09-17,-0.0104021407974619,-0.0005754460095052773,-0.00028543774225192977
2025-09-18,0.0076006624146401,-0.000827711128387408,-0.0004960769945311918
2025-09-19,0.0186724487257796,-0.00026802425742143807,1.1020439979327968e-05
2025-09-22,0.0106100063895063,-0.0010344074841685757,-0.00045826307720486575
2025-09-23,-0.0129116489481057,0.0005227907896208785,0.0006445011076297259
2025-09-24,0.0012852605029404,1.1350310831649405e-05,5.275203439265798e-05
2025-09-25,0.0102234980960006,-0.0011842991799283177,-0.0007258966619344566
2025-09-26,0.0120061087288185,0.0007827643367489775,0.000862667466782264
2025-09-29,0.0051947195431346,-0.00029955836004449087,0.00015405064957628895
2025-09-30,0.0069276125174816,0.0003865530270981872,0.000506341037429453
2025-10-01,-0.0072140776340165,0.001362940783236143,0.0012179531682917745
2025-10-02,0.0106471046997761,0.0006337108974745112,0.0006594777377409487
2025-10-03,0.0172944294246549,-0.0009433905732099601,-0.0005001331835433695
2025-10-06,0.00709144744407,-0.0010318169938403252,-0.000632974039478165
2025-10-07,0.0166339949075202,-1.1482150817512284e-05,0.00011740478641566966
2025-10-08,-0.0242827588675781,-0.00044050793127404597,-0.00011168204888506981
2025-10-09,0.0074726695710458,-0.00017470022916078114,-3.661855356952348e-05
2025-10-10,0.032831248634458,0.0008070078813654296,0.0009966725745240278
2025-10-13,0.0072994144107656,-0.00046466759123897617,-1.394566591106166e-05
2025-10-14,0.0091875451653533,0.00023388659834846506,0.0004974913053800508
2025-10-15,0.0244304618843983,-0.00016803576381603665,0.0002463206033741434
2025-10-16,-0.0213229391122775,0.00031646424769485944,0.0006901454072148901
2025-10-17,0.0343676442916245,0.0010493104945751702,0.0009966151681688258
2025-10-20,-0.0590620355400498,-0.00013544220997627936,0.0003359123145954861
2025-10-21,-0.0106492686557638,0.001882768202473459,0.001399272078804911
2025-10-22,0.0198540404731956,0.0008991282549618503,0.0009088012780794752
2025-10-23,-0.0017225098547725,-0.0006860431963169648,-0.0002772032252352266
2025-10-24,-0.028695490766858,-0.0007467678087842793,-0.0002715527064461535
2025-10-27,-0.0089607787820975,0.0010566479451565294,0.0009387417111949633
2025-10-28,0.0044025782667433,-0.00011420776999795143,5.954962343255281e-05
2025-10-29,0.0044082970966196,-0.0020602627560015597,-0.0014781616673369235
2025-10-30,-0.0047849023856938,-0.001222518925998948,-0.0008082571136197197
2025-10-31,0.0045349523774452,0.001038134240151557,0.0008053734312679643
2025-11-03,-0.0132362520403321,5.4078026085363354e-05,9.567929223714154e-05
2025-11-04,0.0082240871342075,0.0003255740824027715,0.00021149778252546608
2025-11-05,-0.0001005367923334,-0.0012655941684891685,-0.0008663042656792729
2025-11-06,0.0048876566358512,0.0024508320267124456,0.0019652027814455494
2025-11-07,0.0277165158861684,1.6160001883429808e-05,7.540216476312027e-05
2025-11-10,-0.0012167524528548,-0.0004876719841700101,-0.0002070887630196759
2025-11-11,0.0234874838555535,0.0016535636129143938,0.0012813273898643323
2025-11-12,-0.0041709927611227,-0.00020058933864099528,0.00012695216865870473
2025-11-13,-0.0240025553320149,0.00021485808714889493,0.0001881093804451763
2025-11-14,-0.0047327908648018,0.00030401530507261337,0.00013206087472256595
2025-11-17,-0.0017221023533426,-0.0001903870366088984,-0.00022247436393960248
2025-11-18,0.0040299605698671,-0.0005490406235111855,-0.00039560034108222157
2025-11-19,-0.0052125591455094,0.0003530244207669674,0.000342533690547161
2025-11-20,0.0049672927820763,0.0003802128051812247,0.00031346102014474575
2025-11-21,0.003721560362299,0.0013970991016236632,0.0011368235441818824
2025-11-24,0.0114931936383188,0.0007577117653919262,0.0006297447457596882
2025-11-25,0.0062617609294315,0.0017438032279820971,0.0015586971341876763
2025-11-26,0.0126678164163979,0.0004221021861543545,0.00042779822206547567
2025-11-28,0.0049659582212904,-0.0005173347742029134,-0.00018132375409344356
2025-12-01,-0.0125091431986058,-0.0010627890329258079,-0.00069654654363268
2025-12-02,0.0030288262173034,0.001148322434621064,0.0009715186620219132
2025-12-03,0.0029722651693542,0.0023441549807727427,0.0019770292088942816
2025-12-04,0.0002611600889667,-0.0010650333093008555,-0.0007279565905913216
2025-12-05,-0.0061189240409394,0.00011436268414653105,0.00021001908713999654
2025-12-08,0.0046462393338665,-0.00017830666417120223,-4.787581860810747e-06
2025-12-09,-0.0024515471689845,-0.0005236073837947151,-0.00027966604740091027
2025-12-10,0.0210102397530423,0.0027125190638334446,0.0021235276414406992
2025-12-11,0.0034010695964849,0.00014143067509548874,0.0003601384267611333
2025-12-12,0.0015336939920357,-0.00030033928796918837,-0.00011223679061990997
2025-12-15,-0.0005110078294488,0.0008855781986509372,0.000890646285433845
2025-12-16,0.0099399801304287,0.0002367803812281586,0.00041847466803672376
2025-12-17,-0.0018418331441386,-0.0008518579585211864,-0.000506080172166106
2025-12-18,0.0050339502433122,0.0012118673925584267,0.0010318335659844965
2025-12-19,0.0188968137916434,-0.001000507042891393,-0.0006166028565383641
2025-12-22,0.0085579094893073,-5.7588010511846186e-05,0.00018732928126437875
2025-12-23,-0.0004908198003828,0.0002585187089764191,0.0004953587949808911
2025-12-24,0.0107662779955749,0.0012231390435997185,0.0010850200252523225
2025-12-26,-0.0460879817388294,5.663671174799755e-05,0.00039118718193866843
2025-12-29,0.0103506304045429,0.0016465290504329888,0.0010938220506435906
2025-12-30,-0.0102350328253254,0.00012300548617854244,0.0002949290097250894
2025-12-31,-0.0025926392560806,-0.00029200276110698947,-0.00014774082947573326
2026-01-02,0.0279976699761175,0.0009522443985186117,0.000895682905382169
2026-01-05,0.010158128512449,0.00020281292164599967,0.00045187010689057907
2026-01-06,-0.0073673043579576,-0.0009956832586108513,-0.0004944421398493774
2026-01-07,8.998553214307117e-05,0.0014448869663314435,0.0012379916695527112
2026-01-08,0.009082749101682,-0.000970039267320652,-0.0006851377427139916
2026-01-09,0.0250711358766225,-0.0004325719991111887,-0.0001940849178639363
2026-01-12,-0.0032848475449707,0.00023266561602297702,0.0004523375651875334
2026-01-13,0.0080516108297088,0.0007921276339528764,0.0006397847442456151
2026-01-14,-0.0021638942125954,0.0002869175077886723,0.0003828786500334335
2026-01-15,-0.0060621179774391,-0.0012879033428952295,-0.0007038467799592779
2026-01-16,0.0366322934749193,0.0007486185896970223,0.0006302867865261146
2026-01-20,0.0150553770085056,-0.0017220677020847734,-0.0009089230595445991
2026-01-21,0.0158104443373971,0.0014186889506858215,0.00135521880158936
2026-01-22,0.0136371138420282,-0.0007096610615130504,-0.00011272608481183535
2026-01-23,0.0205856563735352,0.0007587116484888489,0.0008838873490958281
2026-01-26,3.931395514705028e-05,0.0010688589337045648,0.0012163243161302862
2026-01-27,0.0427171230788089,0.0016861670081583387,0.001395783314293359
2026-01-28,0.0031638076649501,-0.0004491188894793493,0.00013406701554775376
2026-01-29,-0.1206569177115754,0.0006347776218574542,0.0008005678763362806
2026-01-30,-0.0195798858862585,0.0005716777889496804,0.00022337053372783496
2026-02-02,0.0590543777617591,-0.0014340803514873413,-0.0007048880047763255
2026-02-03,0.0033997461243729,-0.00045332909588125545,0.00028643123449371803
2026-02-04,-0.012063365980342,4.812239846662357e-05,0.0003695846560406042
2026-02-05,0.0183035687055886,0.0006798191978157025,0.0009014611615856792
2026-02-06,0.0199364150051939,-0.00011584271750826624,0.00028302517770172357
2026-02-09,-0.0093688411482088,0.001478792596755636,0.0015363720468562691
2026-02-10,0.0134587841796602,0.001537774850855353,0.0013783010408265901
2026-02-11,-0.0295960488695587,-0.0004208935617154232,-4.264306728206163e-05
2026-02-12,0.0197679406777852,0.001267887026596708,0.0010934199379756945
2026-02-13,-0.028088975078812,0.0006223203642828531,0.0007834608962687192
2026-02-17,0.0209949752032044,0.00011284642106785387,0.0001885027993804803
2026-02-18,-0.0021280217137131,-0.0012112334720294372,-0.0008241002533449047
2026-02-19,0.016621856057854,0.0010604108754101319,0.0008747628889810685
2026-02-20,0.0283340058405059,0.00022462624584283802,0.00042950923368198653
2026-02-23,-0.0094398443614318,-8.604690943180395e-05,0.00019456298867540664
2026-02-24,0.0097663626026182,-0.0003403515758333593,-0.00017005581124320695
2026-02-25,-0.005759467061588,0.000165376364896819,0.00032417592924901227
2026-02-26,0.0103777235776477,0.0008330322844608781,0.0006137026057605816
2026-02-27,0.0121427639383351,0.0008213081781041169,0.0007090841009274526
2026-03-02,-0.0359591903930027,-0.0012598644203353601,-0.000954029535374023
2026-03-03,0.0025030895869677,-0.0006212117306475271,-0.000602858447781629
2026-03-04,-0.0107802115364093,0.0012552050376876617,0.0011869940337542843
2026-03-05,0.0158258378189079,-0.00016335114941897638,-0.0003123815036349558
2026-03-06,-0.0106666825868943,-0.0004674566306010165,-0.0004413739039570353
2026-03-09,0.0267814697721364,0.002042141844680376,0.0015556486218068052
2026-03-10,-0.0119843106311726,-0.0012353271425795853,-0.0003369292636293279
2026-03-11,-0.0100358900378337,0.00038643025761896305,0.0002249184210596708
2026-03-12,-0.0124505814370742,-0.0008553598788247341,-0.0008781584656641398
2026-03-13,-0.0116459784380575,-0.0002510248466773867,-0.00028853234891557025
2026-03-16,0.0014007005791852,0.003771503931711897,0.003127314556565137
2026-03-17,-0.0224660590278504,0.001974113478225865,0.0015269649781231528
2026-03-18,-0.0609633251253208,-0.0013409225343119146,-0.0011735906927297004
2026-03-19,-0.0066078012225921,0.0019675466467254763,0.001376467651199772
2026-03-20,-0.0370647596540852,-0.0020595005660911784,-0.0017139567273522821
2026-03-23,-0.0010905544443628,0.0010778101757823468,0.0008951518949929271
2026-03-24,0.0336378400625408,-0.0018837262000965514,-0.0017144463450767832
2026-03-25,-0.039062434031347,0.0009832306926768084,0.0008607369571210042
2026-03-26,0.0262772378824479,-0.00040236948563650765,-0.0007318158839057327
2026-03-27,0.0075405103351488,-0.0007454735908960326,-0.0007290575867245201
2026-03-30,0.026512431127413,0.0019799297504107752,0.0012941358209744268
2026-03-31,0.0287588410788178,0.0024349412792330116,0.002052800715068286
2026-04-01,-0.0279200711911001,-0.00027969335231145726,-3.6182253142242574e-05
2026-04-02,0.0011387268075569,0.0020207587011908364,0.001084608999687577
2026-04-06,6.448275631096513e-05,9.694570205170266e-05,8.471692357846206e-07
2026-04-07,0.0196463915577559,0.0008682512031207438,0.0006132958742360526
2026-04-08,0.0089502875774934,0.0020752637493685827,0.0021948325086709264
2026-04-09,-0.0063429091692584,0.0009267202721925403,0.000640571525054933
2026-04-10,-0.0041034116689173,0.0010306079172589385,0.0007324997015023298
2026-04-13,0.0172674187035313,0.0009910915627854104,0.0006348803745756861
2026-04-14,-0.005194816877104,0.0007522258959828576,0.0008778508687336095
2026-04-15,-0.0030463223435294,0.0014127499964313194,0.0010492779655557247
2026-04-16,0.0149749133126094,0.0008022079161804065,0.0005101211081992529
2026-04-17,-0.0105545150988202,0.00039535659547469595,0.0008242338492918063
2026-04-20,-0.0227679893429337,-0.0004866505825710601,-0.00044807843092210613
2026-04-21,0.0072315996601697,-0.0008047285367344345,-0.0006627740479052985
2026-04-22,-0.0058065565493349,0.0010119273543730098,0.0009559773022840413
2026-04-23,0.0036488801351286,0.001035742426862869,0.0007506785855813704
2026-04-24,-0.0099812279965847,0.0006891594138637837,0.0007560077956452996
2026-04-27,-0.01810793161911,0.0013539943919884168,0.0010393621724552825
2026-04-28,-0.0101349940385674,0.0008770747688640561,0.0005827885210516816
2026-04-29,0.0151751287158667,-0.00046127438909358885,-0.000596367885529302
2026-04-30,0.0032883457515008,0.0019734501418279763,0.0017131846563261713
2026-05-01,-0.0241338802439114,0.0001532594005107451,0.00023089355013691305
2026-05-04,0.0079997353376013,-6.744016567130002e-05,-0.00025354800562384355
2026-05-05,0.0273028859945944,0.0007704323225051228,0.000778631954557899
2026-05-06,0.0038159234729661,0.0012542824826368034,0.0013987270973801447
2026-05-07,0.0043736080198357,0.0006444573446095415,0.0005306331332177964
2026-05-08,-0.0003601417575905,0.0013458529688229152,0.001123879998490733
2026-05-11,-0.0087482005669857,0.0005165800086006282,0.0003761279951670333
2026-05-12,0.0042878900568158,0.0003116817143987257,9.823420771758412e-05
2026-05-13,-0.0041810033481702,0.0005571757528009148,0.00046450088029215467
2026-05-14,-0.0264909618714656,-0.0007976783978996347,-0.0006987143776001231
2026-05-15,-0.0007245709743039,-0.001544878928627032,-0.0014838284317585592
2026-05-18,-0.0102001582717443,0.0008890920916735746,0.0006016127470284956
2026-05-19,0.0055324565918718,-9.036284325074969e-05,-0.00012231964634282395
2026-05-20,0.0018740842574405,0.0008480571800525256,0.0009349621697627984
2026-05-21,-0.0041497068847259,-0.0015931459319230672,-0.0011032671880428586
2026-05-22,-0.0045669482971486,0.0011226284578581232,0.0007899850676820502
2026-05-26,-0.0118241194574663,0.003173932247741042,0.002433110739120522
2026-05-27,0.0115796451533138,-9.51853182354507e-05,9.60252458936749e-06
2026-05-28,0.0135104809269091,0.0006719527632469849,0.0005849557252737793
2026-05-29,-0.0188811795292179,0.00014521489760137068,0.00024864357842816864
2026-06-01,0.0031011708732173,0.00036519557928174005,6.602674884715926e-05
2026-06-02,-0.0117413571013593,0.0009146861022500793,0.0007283817754444234
2026-06-03,0.0087741621807501,-8.96056013983726e-05,-0.00018612577021634034
2026-06-04,-0.0314791185446112,0.0008649559230072279,0.000792240000726452
2026-06-05,-0.0002767658988034,-0.0026898991084776318,-0.002216887155661752
2026-06-08,-0.0176600183367723,0.0003517601640004395,0.0001750812382858335
2026-06-09,-0.036284136366234,0.0013214182763468247,0.0009581724238446988
2026-06-10,-0.0043666949794943,0.0010084016279894815,0.00046012545406341206
2026-06-11,0.0300312625182682,0.002719395770198143,0.0020112688722700167
2026-06-12,0.0264559500903616,6.62351918813585e-05,0.00020062851164448064
2026-06-15,0.000669808517219,0.0009277214211747946,0.0009826346439423257
2026-06-16,0.0064443594863079,0.00033262018965208684,0.0004908787483665933
2026-06-17,-0.0314134660627234,-0.0034579976723371044,-0.002628142698312045
2026-06-18,-0.0100405781203893,0.0015126748027841164,0.0009545371222950472
2026-06-22,-0.0125124954060087,-0.0014175878905347413,-0.001097750231716728
2026-06-23,-0.0343867416766573,-0.00029891817010575274,-0.000347365599911419
2026-06-24,0.0100240094595902,0.0023718844136540597,0.0016475730784060948
2026-06-25,0.0118878604795675,0.0009104382231898776,0.0005778591815548318
2026-06-26,-0.0139244077566089,0.0008841654738385236,0.0007602452131404653
2026-06-29,0.0001491208473071,0.001908445950208524,0.0012329405959100007
2026-06-30,0.0112222224701834,-0.0002955751668019522,-0.00029064078114623667
2026-07-01,0.01085456083595,-0.0011337629279648109,-0.0008869235156366176
2026-07-02,0.0102567242913104,0.001063629009372815,0.0008247775840390219
2026-07-06,-0.0023614037005704,0.0014711954593725793,0.001088579338642001
2026-07-07,-0.0181110339675677,-0.0012261590050633687,-0.0010656656323452737
2026-07-08,0.0145586172724685,0.000934929055959407,0.0004803598191684995
2026-07-09,-0.0064362006754105,0.0001301121571028021,0.00023730116602758568
2026-07-10,-0.0264424181089616,0.000414664144606243,0.000373984794947827
2026-07-13,0.0159098171952748,-3.969792222805564e-05,-0.0003628456217014093
