Date,Actual_Return,Baseline_LSTM_Prediction,Tuned_LSTM_Prediction
2023-07-11,0.0128104143346199,0.0014361788,0.0017503144
2023-07-12,0.0015324108197861,0.0038368646,0.0034312936
2023-07-13,0.0004592781602337,0.0044832285,0.0038715198
2023-07-14,-0.0039360823580763,0.0021204406,0.0017215249
2023-07-17,0.0126222802195776,0.0017337563,0.001953879
2023-07-18,0.0001517429045972,0.0018901136,0.001957895
2023-07-19,-0.0046631698156101,0.0013617917,0.0015213569
2023-07-20,-0.0020342782281946,0.0013881625,0.0018688164
2023-07-21,-0.0020384249531295,0.0014995474,0.0018205137
2023-07-24,0.0009177681383584,0.0011710225,0.0018283245
2023-07-25,0.0034597077644026,0.0018758894,0.0020550173
2023-07-26,-0.0120073995626593,0.0020555651,0.002392367
2023-07-27,0.0076809225040289,0.0008255093,0.002363115
2023-07-28,0.0051387711460531,0.0014244976,0.0021989392
2023-07-31,-0.0152386100770674,0.00092041097,0.001374051
2023-08-01,-0.0017018269642494997,-0.00015534632,0.0010543638
2023-08-02,-0.0027911448212779,-0.00059917604,0.00047984495
2023-08-03,0.0039260178715701,0.0002769241,0.0012658595
2023-08-04,-0.0031499215966816,0.0015081927,0.0017056311
2023-08-07,-0.0048735188089434,0.002732399,0.0029636424
2023-08-08,-0.004531822404694,0.0011796724,0.0016945665
2023-08-09,-0.0005222204866973002,0.001322028,0.0018827668
2023-08-10,-0.0007838424255554,0.000891531,0.0014855257
2023-08-11,-0.001203111863771,0.00028024727,0.001047726
2023-08-14,-0.0042485053218492,0.000122395,0.00073030056
2023-08-15,-0.0033696785716192,-0.00028803202,0.00063599425
2023-08-16,-0.006348891838211099,-0.0005901181,0.00029254006
2023-08-17,0.0010609517869105,6.124945e-05,0.00089527026
2023-08-18,0.0038101719353386006,-4.109228e-05,0.0005021801
2023-08-21,0.0016360008536025,0.00076937,0.0015506317
2023-08-22,0.0115862657851445,0.0002478357,0.0007723153
2023-08-23,-0.0001564098483359,0.003000984,0.0029640372
2023-08-24,-0.0037082411186100997,0.00095938274,0.0016545446
2023-08-25,0.0035518704503103,0.0011361171,0.0018540354
2023-08-28,0.0096513697844355,0.0012772009,0.0017360807
2023-08-29,0.0040198202604455,0.0027446656,0.002720949
2023-08-30,-0.0031423581073140995,0.0015060575,0.0015889109
2023-08-31,0.0008252180232353,0.00079036254,0.0013621894
2023-09-01,-0.0070357753538675,0.0004968434,0.001019149
2023-09-05,-0.0042140247779171,-0.00017348627,0.00092332065
2023-09-06,-0.00031284575797759987,-0.0005727642,0.00067100464
2023-09-07,0.0004692637581011,0.0007408108,0.0016320931
2023-09-08,0.0025509680494884,0.0008613731,0.0016623675
2023-09-11,-0.0062588217113738,0.001516333,0.0020008106
2023-09-12,-0.0011517503252713,0.0010228503,0.0017366622
2023-09-13,0.0004713280283196,0.0013564521,0.002015799
2023-09-14,0.0071471474890586004,0.0012106071,0.0014501218
2023-09-15,0.004046513576601699,0.0002067351,0.0008289985
2023-09-18,0.0002588326661272,0.0014412879,0.0016907768
2023-09-19,0.007014664451038,0.00083395466,0.0015712369
2023-09-20,-0.013661993139932698,0.0013133932,0.001686971
2023-09-21,0.0032253439402924,-0.0006437184,0.0008701725
2023-09-22,-0.0045809808524143,-7.0739625e-05,0.0006360564
2023-09-25,-0.0084883670118786,0.0006653698,0.0015502312
2023-09-26,-0.015270736211994401,-0.00060726085,0.00041975637
2023-09-27,-0.006002135474613899,-0.0008946704,0.000561918
2023-09-28,-0.0066334603916073,0.0008213088,0.0016049797
2023-09-29,-0.0098421042458857,-0.00016985441,0.0005662244
2023-10-02,-0.002955195304594,-0.0012541633,-0.000112012116
2023-10-03,-0.0033487861038287996,-0.0011082122,3.544375e-05
2023-10-04,-0.0010453767983574,-5.824864e-05,0.00056095206
2023-10-05,0.0074586151734713,0.00025325385,0.0006936246
2023-10-06,0.010490108470351,0.00038804224,0.0005320805
2023-10-09,0.0061986453697419,0.0003538898,0.00085804414
2023-10-10,0.0063206856067081,0.0024419555,0.0023870068
2023-10-11,-0.0018706079095982997,0.0025527617,0.0024192252
2023-10-12,0.0306079017446639,0.00077471597,0.0014228703
2023-10-13,-0.0032740311580043,0.0005445231,0.0009734973
2023-10-16,0.0008324968566678999,0.0013372616,0.0021089118
2023-10-17,0.0168132365217318,0.00014465922,0.001305726
2023-10-18,0.0066773830904018,-0.0011102651,0.00035021704
2023-10-19,0.0071376321141812,0.0005751454,0.0019908804
2023-10-20,-0.0031322401557760996,0.0007120266,0.0014154413
2023-10-23,-0.0006580360180047,0.0017979014,0.0024226278
2023-10-24,0.0045970001603473,0.0006702874,0.0009587731
2023-10-25,0.0015611896722708,0.0010169097,0.0015042454
2023-10-26,0.0007042731011225,0.0019089543,0.002339894
2023-10-27,0.0038144875229854,0.0015042301,0.0017481558
2023-10-30,-0.0055257086747362,0.0019916573,0.0020580676
2023-10-31,-0.0032290150880346,0.0013314646,0.0016953748
2023-11-01,0.0034304981256059,0.0021182972,0.002024765
2023-11-02,0.0029670004669155,0.003426218,0.0030567513
2023-11-03,-0.004983536766928,0.0043706694,0.0038367813
2023-11-06,-0.0074967054908098,0.00096449803,0.0009800701
2023-11-07,-0.0078095737432913,0.0012539976,0.001706111
2023-11-08,0.0064867052439646,0.001341509,0.0016005486
2023-11-09,-0.0162187789321813,-0.0010957002,-0.000665906
2023-11-10,0.0066527794921554,-0.00047714481,0.0005437491
2023-11-13,0.0083434305950576,-0.00020067752,0.0004390177
2023-11-14,-0.0008669641439555998,0.0024927962,0.0023946601
2023-11-15,0.0120691367791111,0.00094668893,0.0010455964
2023-11-16,-0.0011600298000506001,0.0015367311,0.0015778809
2023-11-17,-0.0019700582161406,0.0015009627,0.0017762447
2023-11-20,0.0108626150617667,0.0022037104,0.0023409086
2023-11-21,-0.003959222486665,0.00060613843,0.0009216997
2023-11-22,0.0054086303844145,0.00073370524,0.0020406109
2023-11-24,0.0047833163729554,-0.00022881062,0.00033278446
2023-11-27,0.013772846290545497,0.000601192,0.0009971594
2023-11-28,0.0036214312587578,0.0021351732,0.0031007424
2023-11-29,-0.0044061562069063,0.0017501292,0.0017029181
2023-11-30,0.0160135930820849,0.00013823554,0.00025613426
2023-12-01,-0.022906437155782798,0.0024065773,0.002173228
2023-12-04,-0.0027704839468057994,0.0014398751,0.002037157
2023-12-05,0.0059274068333569,0.0017217329,0.0019801848
2023-12-06,-0.0002955253604061,0.0026391295,0.002502858
2023-12-07,-0.015689699243871,0.00289705,0.0027549095
2023-12-08,-0.0102106103394178,0.0023410337,0.002660834
2023-12-11,-0.00010109265866679998,0.0013662358,0.001980728
2023-12-12,0.0022726708042306,0.0015743157,0.0019503105
2023-12-13,0.0238764749712153,0.0028687005,0.0027270287
2023-12-14,-0.0044923807443042,0.004973275,0.0040548365
2023-12-15,0.0025695884133357,0.0034625507,0.003376751
2023-12-18,0.0059537043864478,0.0023052602,0.002558278
2023-12-19,-0.0019151099131709,0.0025550777,0.002639949
2023-12-20,0.0022584336059974994,0.0018265396,0.0018203899
2023-12-21,0.0087887493834624,0.002439036,0.0023852016
2023-12-22,0.0005345192470838,0.0021941008,0.0021841465
2023-12-26,0.0114491006961663,0.0022110476,0.0021442375
2023-12-27,-0.0038500458433420996,0.0038666967,0.0036377036
2023-12-28,-0.005560539696971299,0.0021226397,0.0023629004
2023-12-29,0.0009692741355228,0.0007614675,0.0013221467
2024-01-02,-0.0147369827817693,0.00065260753,0.0012127577
2024-01-03,0.0039740504436172,0.0004982944,0.0016106239
2024-01-04,4.895124937695207e-05,0.0014109754,0.002263804
2024-01-05,-0.007766098913480301,0.0001979041,0.0011909069
2024-01-08,-9.866823194525147e-05,0.0011227416,0.0017335719
2024-01-09,-0.0023221142671955,0.00072779873,0.001521752
2024-01-10,-0.0036669527431482,0.0015735112,0.0023131862
2024-01-11,0.0159569514032824,0.0016672723,0.002066688
2024-01-12,-0.0101653103197731,0.0024746084,0.002285038
2024-01-16,-0.0116170817261091,0.00011158839,0.000669026
2024-01-17,0.0079578656276874,0.00013698026,0.0013061995
2024-01-18,0.0039059773581561,0.0015328462,0.002212431
2024-01-19,-0.0033116463011742,0.0009895732,0.0018175216
2024-01-22,0.0019289741822805,0.00050560106,0.0015266561
2024-01-23,-0.004854342213876,0.0004758924,0.0011718671
2024-01-24,0.0014885385122534,0.0007817537,0.0015121333
2024-01-25,-4.957016344432641e-05,0.0011802976,0.0018113599
2024-01-26,0.0041563159010782,0.00030191697,0.0010033398
2024-01-29,0.0031059994423007,0.0012065242,0.00255568
2024-01-30,0.0082845164862083,1.2950506e-05,0.0011341313
2024-01-31,0.0022431851049436995,0.0014272077,0.0019457458
2024-02-01,-0.0082659366317123,0.0021844897,0.0023383219
2024-02-02,-0.0051209056717828,-9.7979006e-05,0.00054413755
2024-02-05,0.0043347927263062,-0.00067025295,0.0004208023
2024-02-06,0.0003439817122514,0.0008512777,0.0014003543
2024-02-07,-0.0014751441294394998,0.0005851798,0.0012200662
2024-02-08,-0.0043890601064939,4.7436915e-06,0.00057984225
2024-02-09,-0.0025238650815326003,-1.8825958e-05,0.0007618825
2024-02-12,-0.0126151242467044,0.00014449182,0.0006975931
2024-02-13,-0.0013054709316034,-0.0012289649,2.9102288e-05
2024-02-14,0.0059112118252038,0.00086249085,0.0015322306
2024-02-15,0.0046840949064166,0.0011091891,0.0013670668
2024-02-16,0.007922794599725,-0.00014062665,0.0002783471
2024-02-20,-0.0025680053172179,0.000808785,0.001504994
2024-02-21,-0.0012865403339371,-0.0004794893,0.00060719426
2024-02-22,0.009314324420003,0.00028252826,0.0010438103
2024-02-23,-0.0049666821119138,0.00038127095,0.000781051
2024-02-26,0.0027076939620032,0.00045294903,0.0013443584
2024-02-27,-0.0004917629801585999,0.00074675784,0.0014927358
2024-02-28,0.0062274706977065,0.0012827922,0.0017803493
2024-02-29,0.0199396591398434,0.0011603144,0.0014251235
2024-03-01,0.014650906546489898,0.0017822052,0.0018742352
2024-03-04,0.007433252615667999,0.0011581685,0.0013122859
2024-03-05,0.0078435663508754,0.0011630584,0.0017394668
2024-03-06,0.0035744768391498005,0.001648728,0.0019202275
2024-03-07,0.009500646655496,0.0015206878,0.0021151095
2024-03-08,0.0017884952401814,0.0012392758,0.0017777077
2024-03-11,-0.0101776641978781,0.0018667812,0.0020836107
2024-03-12,0.006919166252700199,0.0010417559,0.0019013041
2024-03-13,-0.0057163638155206,0.0005015165,0.0007333669
2024-03-14,-0.0026386845425951004,-0.00023101721,0.0006633712
2024-03-15,0.0015747582428707,0.00044362003,0.0011137539
2024-03-18,-0.002038408092312,-0.00039903438,0.00041491413
2024-03-19,0.0007416687251718,0.00029763315,0.000844592
2024-03-20,0.0112896626157657,0.0014106575,0.0015276811
2024-03-21,-0.0111968937035119,0.0016393048,0.0016448287
2024-03-22,0.0077084785250944,0.0020616902,0.002432821
2024-03-25,0.0003678047123048,0.002339782,0.0025265242
2024-03-26,0.0068709900334791,0.0022296375,0.0033926724
2024-03-27,0.0121597708280425,0.001642352,0.002148281
2024-03-28,0.0085768495755336,0.0011760555,0.001595292
2024-04-01,0.0108950494050669,6.51874e-05,0.0010179357
2024-04-02,0.0146641355644599,0.00043027455,0.0012306324
2024-04-03,-0.0024436447730251,0.0007003857,0.0011808709
2024-04-04,0.0159933639117823,0.0015040316,0.0021023932
2024-04-05,0.0025765463327621,0.00028920706,0.0011716668
2024-04-08,0.0050479440488116,0.0012574703,0.0020598539
2024-04-09,-0.0059489174406445995,0.0023877113,0.0030688797
2024-04-10,0.0107591979675619,3.235278e-05,0.00088360824
2024-04-11,0.0005943121990892,0.0009182717,0.0018680773
2024-04-12,0.004066120662029,0.0015432142,0.0019996436
2024-04-15,0.010511806622644,0.00012414053,0.00085902156
2024-04-16,-0.0080210813904086,-0.00051963015,0.00060065807
2024-04-17,0.0044594510824546,0.0013079869,0.0017393483
2024-04-18,0.0067353795655969,0.00069569424,0.00096233014
2024-04-19,-0.0279898004813596,0.0004561037,0.00080836215
2024-04-22,-0.0019313725586944,0.0011447644,0.0021646207
2024-04-23,-0.0013756724603899,0.0018640545,0.0020711038
2024-04-24,0.0022774857931127,0.00069793104,0.0011942007
2024-04-25,0.0021438073190774,0.0008302793,0.0013290297
2024-04-26,0.0045296661467797,0.0009887975,0.0015647825
2024-04-29,-0.0232929795486803,0.0021438268,0.0021705588
2024-04-30,0.0037026594091494,-0.00024788713,0.00075833255
2024-05-01,-0.0003043861623244,0.00091431616,0.0014176216
2024-05-02,-8.696932457233532e-05,0.0017749347,0.0019054635
2024-05-03,0.0097823994309423,0.002473324,0.0023327284
2024-05-06,-0.0027605894071453,0.0011050121,0.0009645184
2024-05-07,-0.0006912606128823,0.0010019569,0.0011012782
2024-05-08,0.0079643958983619,0.00050146546,0.0006703966
2024-05-09,0.014980894748722998,0.0012201903,0.0012608772
2024-05-10,-0.013267171767019999,0.0017952882,0.0020626776
2024-05-13,0.0073781354798519,0.0006520066,0.001275858
2024-05-14,0.0148882149106042,0.0017368782,0.001926259
2024-05-15,-0.0036487767790968997,0.003216947,0.003243356
2024-05-16,0.0134386862414674,0.0014976771,0.0019709957
2024-05-17,0.0089556950387785,0.0017362116,0.0019710383
2024-05-20,-0.0050251162420579,-8.875385e-05,0.00053342665
2024-05-21,-0.013511191282576399,0.00074976275,0.0014948354
2024-05-22,-0.022946670318134302,0.001239674,0.0020752174
2024-05-23,-0.0010712373814988,0.00090480223,0.0020785679
2024-05-24,0.0096849750810076,0.001681447,0.0024027461
2024-05-28,-0.006346481676084301,0.0006739173,0.0011758591
2024-05-29,0.001110289464388,0.00024519226,0.0016671076
2024-05-30,-0.0085730735706837,0.000601813,0.0012680336
2024-05-31,0.0101511505854577,0.0015864349,0.0018904279
2024-06-03,-0.0090324439414323,0.0018304023,0.0015281052
2024-06-04,0.0122234606208603,0.0016119604,0.0013404008
2024-06-05,0.0068580197117618,0.0022686906,0.0016231078
2024-06-06,-0.027849130615993204,0.0015340031,0.0010028612
2024-06-07,0.0010839169709689,-1.4234043e-05,0.00035640888
2024-06-10,-8.664897474244983e-05,-0.00039796167,3.8699945e-05
2024-06-11,0.012275377571110498,0.00023489022,0.00080332643
2024-06-12,-0.015444010517410501,0.0017140161,0.0016659084
2024-06-13,0.0134728491676387,0.0006806122,0.00093771727
2024-06-14,-0.0081829996215816,0.0011246507,0.0010873034
2024-06-17,0.0077539807631003,0.001319046,0.0015204792
2024-06-18,0.0099911794480786,0.0009846208,0.0013795451
2024-06-20,-0.016016849994939,0.00048493803,0.00080734777
2024-06-21,0.0058540533667421,0.00035540428,0.0010118255
2024-06-24,-0.0057676319065113005,0.0012466059,0.0017912412
2024-06-25,-0.0075394205654809,0.0008600741,0.0013997646
2024-06-26,0.0109437470428856,0.0016035972,0.0020793974
2024-06-27,0.0013756724603899,0.0013759929,0.0018033163
2024-06-28,-4.2898852745440214e-05,0.00084064755,0.0012865948
2024-07-01,-0.0019782819678747,0.00045369787,0.0013000703
2024-07-02,0.015717436587046503,0.00045800227,0.0011400043
2024-07-03,0.012088663472560802,0.0017003628,0.0018581694
2024-07-05,-0.0140399250275099,0.0030272026,0.0028667264
2024-07-08,0.0020784035788128,0.0017459998,0.0022705833
2024-07-09,0.0051137416303785,0.0008652223,0.0013742044
2024-07-10,0.0178815130749752,0.0017899867,0.0021153481
2024-07-11,-0.00041416442919619997,0.002657399,0.002537679
2024-07-12,0.0036800068503831,0.0026790607,0.002760585
2024-07-15,0.016171314917783,0.0016977923,0.0019493655
2024-07-16,-0.0030911330198242,0.0019279969,0.0018182145
2024-07-17,-0.0012228428297097003,0.0014767722,0.0018364198
2024-07-18,-0.0232304912529321,0.001420026,0.0016711246
2024-07-19,-0.0014621412526544,0.0020273826,0.0026270382
2024-07-22,0.0052537740825496,0.0017748205,0.0021002744
2024-07-23,0.0036115155414233,0.0021285838,0.0021608137
2024-07-24,-0.0257716551089347,0.000584063,0.0007806779
2024-07-25,0.0118770170799597,0.0012256341,0.0018287216
2024-07-26,-0.0011350772219737,0.0026301641,0.0025526998
2024-07-29,0.0115844930963148,0.0010940139,0.0015065896
2024-07-30,0.0088999863054093,0.00038518687,0.00024268843
2024-07-31,0.0034968666714193,0.001487426,0.0011451299
2024-08-01,-0.0038266341350135995,0.0009433576,0.0004131604
2024-08-02,-0.0099433227926106,0.0013751935,0.00040826484
2024-08-05,-0.0052600327453438,0.0019104279,0.0007630046
2024-08-06,0.000585782222436,0.0027360122,0.0018825503
2024-08-07,0.0131736488622068,0.00141872,0.0013342657
2024-08-08,0.0040789238864625,0.001341966,0.0011866823
2024-08-09,0.012381322610815598,0.0016650344,0.0016778489
2024-08-12,0.0017447607257966,0.0013334929,0.0014768272
2024-08-13,-0.0111291377752,0.0021937422,0.0022432685
2024-08-14,0.0056005032691237,0.0013873507,0.0017647651
2024-08-15,0.018378043436752,0.0007404622,0.00076209975
2024-08-16,0.001279878215723,0.0009942354,0.0014684991
2024-08-19,0.0037900744796477994,0.0009318964,0.0012509704
2024-08-20,-0.0011555060403106,0.0009685152,0.001286858
2024-08-21,-0.0118301867569216,0.0014749278,0.0015167301
2024-08-22,0.0118301867569217,0.00039004334,0.00084135693
2024-08-23,0.0037007061988526,0.001839948,0.0017700181
2024-08-26,-0.0006754281156969,0.0014396335,0.0015796173
2024-08-27,-0.005979686942712,0.0011047451,0.0013517039
2024-08-28,0.0098275808015969,0.0010252208,0.0016609407
2024-08-29,-0.0127105615369224,0.0011367617,0.0017100865
2024-08-30,-0.0015651613535239998,8.218773e-05,0.00092900184
2024-09-03,0.0014046919562063,-0.00038043424,0.00023810304
2024-09-04,0.0071931259247034005,0.0015334326,0.0015465432
2024-09-05,-0.0071529816835019,0.0014313182,0.0011718748
2024-09-06,0.0033231463116611,0.00040451868,0.00045527768
2024-09-09,0.004188195346662999,0.0017457361,0.0012348619
2024-09-10,-7.959205722123829e-05,0.0007363235,0.00057491334
2024-09-11,0.0154447219692898,0.0019127285,0.0016422571
2024-09-12,0.0117293493413146,0.0013069456,0.0012748175
2024-09-13,-0.0003487790851909001,0.00076347514,0.00090471085
2024-09-16,-0.0062588318949571,0.0011606368,0.0016073049
2024-09-17,0.0024926604313492,0.00088968885,0.0016327612
2024-09-18,0.006707160271705399,0.00046046282,0.0013237875
2024-09-19,0.0122507351922045,0.00057962607,0.0012274354
2024-09-20,0.0025160495810205,-0.0007319406,4.075482e-05
2024-09-23,0.0093601878609144,-0.00075111643,0.00017488563
2024-09-24,0.0030129580442378,0.00080279127,0.0012384553
2024-09-25,0.0040156746334729,-7.595439e-05,0.0007837466
2024-09-26,-0.0096345834844363,0.0009762016,0.0020598262
2024-09-27,-0.0031058092325682,0.0008685241,0.0021237945
2024-09-30,0.011766153885765,-0.0002597314,0.00084554544
2024-10-01,-0.0076020050788055005,0.00023618579,0.00083272293
2024-10-02,0.0037706012139948,7.815717e-06,0.00065073115
2024-10-03,-0.0042618437533547,-0.0009138436,-0.00010695067
2024-10-04,-0.0003780289545422,-0.00046511667,0.00039594976
2024-10-07,-0.011331369029670899,-0.0004552922,0.0009613208
2024-10-08,-0.0034476188142327,-1.9229134e-05,0.0012674618
2024-10-09,0.0055868577505378,-0.0003162606,0.000531513
2024-10-10,0.0140201601697318,0.00017237687,0.00084532145
2024-10-11,-0.0036943716604866,-0.00022054047,0.00041801517
2024-10-14,0.0051231384715043,0.0002966679,0.0011396077
2024-10-15,0.0047232152458107,0.0007384785,0.0012255401
2024-10-16,0.0063373930650174,0.00014517814,0.00057234894
2024-10-17,0.0084001276135835,4.569633e-05,0.00073602714
2024-10-18,0.0034579737223619,0.0006517159,0.001126681
2024-10-21,0.0077186026310139,-0.0007423427,0.00024542215
2024-10-22,-0.0109186772009492,-0.00010736185,0.0005275162
2024-10-23,0.0075239379159915,-0.00017867537,0.0013227513
2024-10-24,0.0021914615637027,0.00068034395,0.0015644459
2024-10-25,0.0007294212625947,-0.00047493386,0.0005063679
2024-10-28,0.0092537814571629,-0.00055397744,0.00027768125
2024-10-29,0.007234316137240201,0.00057414785,0.0013614316
2024-10-30,-0.018166509123427,-0.00022244107,0.00077731186
2024-10-31,0.00010956885113839999,0.00020627366,0.0015793655
2024-11-01,-0.000913292083432,-0.0006747579,0.00041524548
2024-11-04,0.0015338367843668,-0.00052406976,0.00030402082
2024-11-05,-0.0268881928918231,0.0011358837,0.001435487
2024-11-06,0.0114797401905808,8.3649415e-05,0.0010960351
2024-11-07,-0.0040475751210939,0.0022997197,0.0026787505
2024-11-08,-0.0288015263656269,0.0011774866,0.0018628741
2024-11-11,-0.0042984220607178,0.00030856737,0.0009780993
2024-11-12,-0.007411997718865901,-0.0008734751,3.7063117e-05
2024-11-13,-0.0048942019061207,-0.00074136164,2.1944783e-05
2024-11-14,-0.0009739185590534,-0.0005085529,5.903811e-05
2024-11-15,0.0173487905367438,-0.00047676396,0.00017026186
2024-11-18,0.006300496006653501,0.0014980198,0.0019880892
2024-11-19,0.0079995320984941,0.0007112116,0.0011666194
2024-11-20,0.0089845711851382,-0.00041145887,7.7444245e-05
2024-11-21,0.014046981134497701,-0.00020712017,0.00039979862
2024-11-22,-0.0349594819034073,0.00049884326,0.0010229915
2024-11-25,0.0013366177677767,0.0007488094,0.0012216187
2024-11-26,0.0074521669912282,0.0015513446,0.0023932268
2024-11-27,0.0064566661171555,0.00172622,0.002195282
2024-11-29,-0.0083524732312347,0.002141568,0.0020720174
2024-12-02,0.0037124253183831004,0.0009856315,0.0009456128
2024-12-03,0.0034349746546976,0.0015784339,0.001930513
2024-12-04,-0.0103023221708816,0.0011034393,0.0012780228
2024-12-05,0.0045582391295282,0.0011240966,0.0014324486
2024-12-06,0.0099179863380868,0.0011080424,0.0011971819
2024-12-09,0.012196028210303,0.0003151736,0.00060067256
2024-12-10,0.0133300755707553,-4.1916413e-05,0.0003399143
2024-12-11,-0.0170812071435329,-7.1915856e-06,0.0006008884
2024-12-12,-0.011790161839593699,-0.00023598262,0.0007295701
2024-12-13,-0.0017334660635325,-0.0003599994,0.0008038309
2024-12-16,-0.0026436060028242,0.00028042129,0.0010684476
2024-12-17,-0.0029918795594432,-3.728969e-05,0.00057398994
2024-12-18,-0.0169453628178076,-0.003250043,-0.0021554858
2024-12-19,0.013982491661312497,-0.0009219289,-3.6794663e-05
2024-12-20,-0.006258330803749501,0.0016435831,0.0019219466
2024-12-23,0.0029432397448627,0.00014946162,0.0007888558
2024-12-24,0.0071499690974858,0.00018375265,0.00059581094
2024-12-26,-0.0082192615136721,-0.00015860246,0.00039607793
2024-12-27,-0.0042501369327917,-0.0005840617,0.00038668414
2024-12-30,0.0088247104117804,-0.00043451655,0.00025678275
2024-12-31,0.0112328678664521,1.9675266e-05,0.0005090138
2025-01-02,-0.0052414013919973,-0.0003110333,0.00013473362
2025-01-03,-0.0024984295005020998,0.00068464753,0.0011816109
2025-01-06,0.0069120969177432,0.00020734798,0.0008536322
2025-01-07,0.002931690027196,-0.00043806175,0.00018203873
2025-01-08,0.0163785533611166,0.00022586426,0.00081206113
2025-01-10,-0.0130065007091672,-0.0011435436,-0.00021303663
2025-01-13,0.0014950479331176,0.00028918395,0.0016002683
2025-01-14,0.0129871955268111,0.0007254473,0.0017198402
2025-01-15,0.0124202087368545,0.0014754866,0.0016675333
2025-01-16,-0.0007648764771969999,0.001698257,0.0019377422
2025-01-17,0.0038913914786424006,0.0012592436,0.0015758475
2025-01-21,0.0045631113231767,0.0013502699,0.0014465707
2025-01-22,-0.0016272807543716,8.980575e-05,0.00048041076
2025-01-23,0.005125977145751,-0.00054232765,0.0001592967
2025-01-24,-0.014434155176814598,0.0004151497,0.0008689939
2025-01-27,0.0106463402495426,0.0011751003,0.0014761074
2025-01-28,0.0008309575316066,0.00052947574,0.0005494489
2025-01-29,0.0192777563475837,0.00026586172,0.0009232919
2025-01-30,-0.0037263817408137,0.00026224332,0.00049092784
2025-01-31,0.0075800528402683,-0.00073423714,-6.4576714e-05
2025-02-03,0.0068224159163659,-1.1012482e-05,0.00060790736
2025-02-04,0.0063931634406264,0.00056931254,0.0009838823
2025-02-05,-0.0054473552504613,0.00178647,0.0018891915
2025-02-06,0.0039487929743871,0.0006265408,0.0009156148
2025-02-07,0.0162588330465685,1.0823336e-05,0.00048120026
2025-02-10,-0.0006178516064745999,-0.0004297367,0.00031293128
2025-02-11,-0.0012024393787544,0.0004130045,0.0014710763
2025-02-12,0.0057927127743943,-0.00061038067,0.00015624118
2025-02-13,-0.014562544873085502,0.0014024061,0.0020208897
2025-02-14,0.0165088349667714,0.0013593474,0.0018783867
2025-02-18,-0.0041703001175996,-0.0008468465,-0.00036316653
2025-02-19,0.0070314990870447,0.0003049554,0.0009278853
2025-02-20,-0.0008166266630072999,0.0012932465,0.0016079751
2025-02-21,0.0035000646341924006,0.00095660007,0.0011954987
2025-02-24,-0.0148317608713252,0.000836954,0.00097609556
2025-02-25,0.0042258832321174,0.0024850222,0.0023568443
2025-02-26,-0.011586370186078901,0.0018246747,0.001408778
2025-02-27,-0.0162240979462863,-8.802858e-05,4.6220375e-06
2025-02-28,0.0186490134375147,0.001026474,0.0010335104
2025-03-03,0.0066899612663868,0.002205772,0.0019051336
2025-03-04,0.0019570989537602,0.0011282858,0.0012978142
2025-03-05,0.0004458405723709,-0.001202353,-0.0010289614
2025-03-06,-0.0040884898428904,-0.0010148734,-0.0006995251
2025-03-07,-0.0047276349031359,-0.0005007145,-0.00017373331
2025-03-10,0.0075466519578201,-0.00067049125,-0.00096321537
2025-03-11,0.0089543302711225,-0.00021990933,-0.00045100125
2025-03-12,0.0152617845796355,-0.0004884866,-0.0005766873
2025-03-13,0.0034120428795928,-0.00035388712,-0.00013543348
2025-03-14,0.0018350159457296,0.000234021,0.0005306146
2025-03-17,0.0116321164053355,-0.00011629073,0.0002697821
2025-03-18,0.0002634836739012,-4.5190274e-05,0.00046810645
2025-03-19,0.0013496266707838,0.0002269999,0.00084741344
2025-03-20,-0.007196904393713099,0.0003543416,0.0007705779
2025-03-21,-0.0016911295043418,0.00080805644,0.0013026034
2025-03-24,0.0035117493782603998,-0.00017035278,0.00066675316
2025-03-25,-0.0009264629905245999,0.00029393,0.0007312137
2025-03-26,0.0129254894419038,0.00011506336,0.0007798665
2025-03-27,0.0085575055020983,0.0015959261,0.0028206815
2025-03-28,0.0116922880481929,0.0011369203,0.0017666531
2025-03-31,-0.0012497066576345,0.0016090899,0.0019702404
2025-04-01,0.0067105769351938,0.0018104918,0.002217991
2025-04-02,-0.0137570201865,0.0013202785,0.0017434035
2025-04-03,-0.027829591053418503,0.003024455,0.0030011376
2025-04-04,-0.0203585421452193,0.0015180967,0.000859629
2025-04-07,0.0057772864227977,0.00076720514,0.00014607675
2025-04-08,0.0292474162714175,-0.00067779946,-0.00077968684
2025-04-09,0.0317813994640908,0.00069911324,0.000492619
2025-04-10,0.0210124709703548,-0.0005780915,0.00014616782
2025-04-11,-0.005414639755736701,-0.0019220673,-0.0012007615
2025-04-14,0.0043278349931827,-0.0008574318,-0.0008956869
2025-04-15,0.0329732545719371,-0.00046220978,-0.0005123925
2025-04-16,-0.0053954424898931,0.0009309454,0.0011234132
2025-04-17,0.0274553641796997,0.00013909399,0.00064610667
2025-04-22,-0.0372959606271875,-0.0011053256,-0.00040903126
2025-04-23,0.0168579725115056,-0.00011179267,8.464977e-05
2025-04-24,-0.0149978919102349,0.0014521711,0.0015296667
2025-04-25,0.015147940676365398,0.0011567426,0.0008685398
2025-04-28,-0.0041194865501492,0.0010657337,0.00088529737
2025-04-29,-0.0041668132169278,7.390909e-05,-0.00071432255
2025-04-30,-0.029165536161725004,-0.00040677554,-0.0011225156
2025-05-01,0.006799232227835599,-0.0005637428,-0.000797214
2025-05-02,0.0242707069040356,0.00022752072,0.00021992957
2025-05-05,0.0297818593243955,-0.002176186,-0.0017435518
2025-05-06,-0.0088329395578821,-0.0005964197,-1.6180624e-05
2025-05-07,-0.025398132101867,-0.0008968421,-0.0011483608
2025-05-08,0.011700918988177,-0.002234491,-0.002198384
2025-05-09,-0.0352112233703022,-0.001755235,-0.0012420575
2025-05-12,0.006284573623097699,-0.002576637,-0.0024810152
2025-05-13,-0.0183446123932906,-0.0008664038,-4.5849592e-05
2025-05-14,0.012277391287757,-0.0017355462,-0.00095351145
2025-05-15,-0.0120887821582857,-0.0008444061,-0.00050760875
2025-05-16,0.0146315617961965,-0.00068932807,-0.0005466795
2025-05-19,0.0157934048016337,0.0003793345,0.0010783887
2025-05-20,0.0088018049027029,0.00047181037,0.00108604
2025-05-21,-0.0051502779102344,-0.00060083915,0.00043041212
2025-05-22,0.0214254345039647,0.000143513,0.0005358114
2025-05-23,-0.0193621244061215,-0.0006333827,-5.7733967e-05
2025-05-27,-0.0016685124798728,0.0014590077,0.0011314397
2025-05-28,0.0071097155507132,0.001191933,0.0020156414
2025-05-29,-0.0085378040007891,0.0012744028,0.0014473458
2025-05-30,0.024537666358951202,0.000120884884,-0.00024538607
2025-06-02,-0.0060707680599799,-0.0007402183,-0.0005680593
2025-06-03,0.0069307501125834,-0.00025497042,-0.00011083516
2025-06-04,-0.006781516425104199,0.00048415505,0.00021641364
2025-06-05,-0.0083915739261592,0.00061783055,0.00051887083
2025-06-06,0.0028250744326858,-0.0007505175,-0.0005780674
2025-06-09,-0.0033669640443006,0.00083661766,0.0010634413
2025-06-10,0.00012048613043890002,-0.00055901636,-0.00044066305
2025-06-11,0.0177856301025344,0.0020108193,0.0020216983
2025-06-12,0.014768122634469198,0.0020564322,0.0019945668
2025-06-13,-0.010194021599707,-0.001027299,-0.00058480224
2025-06-16,-0.002889521305023,-0.0001543561,0.00018137226
2025-06-17,0.0009444399210661,0.0007300073,0.00071515725
2025-06-18,-0.0064221208610745996,3.8583676e-05,-3.0511175e-05
2025-06-20,0.0028461738938607,0.0018155967,0.002053533
2025-06-23,-0.0180136758868114,0.0006490579,0.00037355928
2025-06-24,0.0029197688926843,0.0017761934,0.0013173844
2025-06-25,0.0019217200310753,0.001600735,0.0012147388
2025-06-26,-0.0181019742730621,0.002036732,0.0017362456
2025-06-27,0.006303198845365499,-0.0009745216,-0.00063330354
2025-06-30,0.012758252337171,3.2301905e-05,0.00037552763
2025-07-01,0.0033808726417765994,-0.00068593095,-0.000198869
2025-07-02,-0.0049104542360636,-0.0012207199,-0.00072208815
2025-07-03,0.0001800334682463,-0.002137551,-0.0014064187
2025-07-07,-0.007591297859755701,-0.0015980967,-0.0004789283
2025-07-08,0.0013900517720019,-0.00040356038,0.00036487266
2025-07-09,0.0017498283805606,-0.0011800296,-0.0006454488
2025-07-10,0.0115684744527417,-0.00075472426,-0.0003978651
2025-07-11,-0.0013417817890844,-0.0011061764,-0.00032172518
2025-07-14,-0.0064957500232793,-0.00016536724,0.00069427746
2025-07-15,0.006794079381100501,-0.0008068887,0.00027075026
2025-07-16,-0.0037055602760009995,4.222436e-05,0.0006676074
2025-07-17,0.003854691586396,0.0005975624,0.001202972
2025-07-18,0.014478602877328502,0.00043026675,0.0010361914
2025-07-21,0.0109048016409905,0.0007800809,0.0010562071
2025-07-22,-0.013200213092493598,0.00014778267,0.0006359876
2025-07-23,-0.006829222657993101,-0.00087037217,-8.507978e-05
2025-07-24,-0.0110366519233214,-0.0007510161,2.6805676e-05
2025-07-25,-0.007496505723881601,-0.00066681544,8.93102e-05
2025-07-28,0.0043120472958143,-0.0009270363,-0.0001443832
2025-07-29,-0.0083393804907852,-0.0004230319,0.0006354741
2025-07-30,-0.0007892237945701,-0.000991552,-0.00021302942
2025-07-31,0.0164138066768746,0.003651563,0.0035005002
2025-08-01,0.0079439735099882,0.0011862329,0.000389784
2025-08-04,0.0022201510582657,0.0013284863,0.0005607655
2025-08-05,-0.0005619433653808999,0.001248825,0.0006584372
2025-08-06,0.0059879678887474,0.00064967055,0.0003270439
2025-08-07,0.0113461602599774,0.00038425782,0.00029132742
2025-08-08,-0.025324517441945502,3.0077354e-05,0.00033935308
2025-08-11,-0.0012534156557426,0.00010309389,0.0007000562
2025-08-12,0.0029220752624799,6.2077335e-05,0.0005097206
2025-08-13,-0.007021346864233201,0.00042364968,0.0006274751
2025-08-14,0.0002398515522892,-5.5783603e-06,0.0004864555
2025-08-15,-0.0012898149154139,1.9038504e-05,0.00067543995
2025-08-18,-0.005507846531910999,-8.5781474e-05,0.00052014156
2025-08-19,0.0090134010285528,0.00060707034,0.0010876332
2025-08-20,-0.0019460210593331,0.00075299374,0.0010685781
2025-08-21,0.0111752987836475,-6.4485735e-05,0.00047670177
2025-08-22,-0.00017778178523020005,0.0022873734,0.0023311884
2025-08-25,0.0043771655441112,0.0001346464,0.0006462873
2025-08-26,0.0047106015210283,0.0012142406,0.0013992115
2025-08-27,0.00795743201557,0.0013345465,0.0015588413
2025-08-28,0.0121353751501606,0.0007543616,0.001082401
2025-08-29,0.0215582533571917,-0.0020324823,-0.0016300981
2025-09-02,0.012264609179004002,-0.0004890235,0.00022717298
2025-09-03,-0.0076547104718895,0.00032150766,0.001085888
2025-09-04,0.0132053464677451,-8.2041166e-05,0.0009031014
2025-09-05,0.0068678014116357,0.0015771379,0.002078899
2025-09-08,0.0014282835584511,0.0006062682,0.0011889706
2025-09-09,8.235294082891738e-05,-0.0001370105,0.0005850016
2025-09-10,-0.0018405871036479998,0.00030354937,0.00076101837
2025-09-11,0.0034311001737597,-9.557116e-06,0.000561654
2025-09-12,0.0089476426196229,-0.00065388344,4.1866646e-05
2025-09-15,0.001817897776495,-0.00084394834,-2.7151313e-05
2025-09-16,-0.0019265078645295999,-9.4330026e-05,0.0007277337
2025-09-17,-0.0104021407974619,-0.0009168652,-0.00012809495
2025-09-18,0.007600662414640101,-0.00078587467,3.1946402e-06
2025-09-19,0.0186724487257796,-0.0010989172,-0.0003492723
2025-09-22,0.0106100063895063,-0.0006875732,0.000157378
2025-09-23,-0.0129116489481057,0.0002591112,0.0009466624
2025-09-24,0.0012852605029404,-0.00072801777,0.00038919193
2025-09-25,0.0102234980960006,0.00064587157,0.0015032048
2025-09-26,0.0120061087288185,0.0016814376,0.002782923
2025-09-29,0.0051947195431346,0.00097508077,0.0017480117
2025-09-30,0.0069276125174816,-0.0005568332,0.00041689916
2025-10-01,-0.007214077634016501,0.00025692745,0.00071332406
2025-10-02,0.0106471046997761,0.00092622195,0.0015220502
2025-10-03,0.0172944294246549,-0.00028719442,4.9850933e-05
2025-10-06,0.00709144744407,-0.00063222763,0.0004495978
2025-10-07,0.0166339949075202,0.00024948712,0.0012549289
2025-10-08,-0.0242827588675781,0.00021305893,0.0010910832
2025-10-09,0.0074726695710457995,0.00015298181,0.0014837339
2025-10-10,0.032831248634458,0.0011053815,0.0014924261
2025-10-13,0.007299414410765601,-0.00039985744,-0.00015197307
2025-10-14,0.0091875451653533,-0.00043747437,0.00043527616
2025-10-15,0.0244304618843983,-0.00048346937,0.00020631701
2025-10-16,-0.0213229391122775,-0.00030211228,0.00040624314
2025-10-17,0.0343676442916245,-0.00036751377,0.00038355464
2025-10-20,-0.059062035540049795,-0.0001616377,0.00033780004
2025-10-21,-0.0106492686557638,-4.9056485e-05,0.00023546291
2025-10-22,0.0198540404731956,0.0012928485,0.0010201517
2025-10-23,-0.0017225098547724998,6.9109956e-07,-0.00013617924
2025-10-24,-0.028695490766858,-0.0020349326,-0.0021877855
2025-10-27,-0.0089607787820975,-0.0018559019,-0.0022163372
2025-10-28,0.0044025782667433,-0.0030162395,-0.0033080264
2025-10-29,0.0044082970966196,-0.0036035206,-0.0036154964
2025-10-30,-0.0047849023856938,-0.0036634712,-0.003714923
2025-10-31,0.0045349523774452,-0.0031460752,-0.003201121
2025-11-03,-0.0132362520403321,-0.0029348615,-0.0031452822
2025-11-04,0.0082240871342075,-0.00092332985,-0.00071715936
2025-11-05,-0.00010053679233340004,-0.00074957684,-0.00046760714
2025-11-06,0.0048876566358512,-0.0002463284,-0.00028698388
2025-11-07,0.0277165158861684,0.00048495337,0.00039723667
2025-11-10,-0.0012167524528547999,-0.00053938036,-0.00016772628
2025-11-11,0.0234874838555535,0.00059522985,0.0009137178
2025-11-12,-0.0041709927611227,0.00020728902,0.00043849592
2025-11-13,-0.0240025553320149,0.00011010587,0.00034784648
2025-11-14,-0.0047327908648018,0.0011154268,0.0012100147
2025-11-17,-0.0017221023533426,0.00062494015,0.00072287675
2025-11-18,0.0040299605698671,4.8731803e-05,0.00013180607
2025-11-19,-0.0052125591455094,-0.0001577485,-0.00052674045
2025-11-20,0.0049672927820763,-0.00095421716,-0.0012186008
2025-11-21,0.003721560362299,0.0011793604,0.0007160524
2025-11-24,0.0114931936383188,0.0016706703,0.001317834
2025-11-25,0.0062617609294315,0.001176132,0.0017366967
2025-11-26,0.0126678164163979,-0.000104847975,4.9609516e-06
2025-11-28,0.0049659582212904,-0.0006849548,-0.0008408808
2025-12-01,-0.0125091431986058,-0.0012059388,-0.00083410216
2025-12-02,0.0030288262173034,0.00011772555,0.0005323226
2025-12-03,0.0029722651693542,0.0013399037,0.0015267842
2025-12-04,0.0002611600889667,0.00020875956,0.0008071864
2025-12-05,-0.0061189240409394,-3.621503e-05,0.0005104069
2025-12-08,0.0046462393338665,-0.00012284916,0.000591587
2025-12-09,-0.0024515471689845,0.00018495297,0.0005785725
2025-12-10,0.0210102397530423,0.0009795761,0.0013146998
2025-12-11,0.0034010695964848997,-0.00030264337,-0.00018020757
2025-12-12,0.0015336939920357,0.0012440749,0.002050142
2025-12-15,-0.0005110078294488,0.0011364714,0.0015580833
2025-12-16,0.0099399801304287,0.0021055196,0.0024144077
2025-12-17,-0.0018418331441385997,0.0004633544,0.0005947665
2025-12-18,0.0050339502433122,0.0013675867,0.0017426295
2025-12-19,0.0188968137916434,0.00020598242,0.00044762596
2025-12-22,0.0085579094893073,2.5127083e-05,0.00075088453
2025-12-23,-0.0004908198003827999,0.0017786146,0.0021517233
2025-12-24,0.0107662779955749,0.0007802441,0.0017221953
2025-12-26,-0.0460879817388294,0.0010946285,0.0009031625
2025-12-29,0.0103506304045429,0.0006856214,0.001761243
2025-12-30,-0.0102350328253254,-0.0007118797,-0.0010168015
2025-12-31,-0.0025926392560806,-0.0004859787,7.201743e-05
2026-01-02,0.0279976699761175,0.0003892554,0.00021098039
2026-01-05,0.010158128512449,-0.00028512898,-0.0004954126
2026-01-06,-0.0073673043579576,-0.0015129015,-0.0015570121
2026-01-07,8.99855321430712e-05,-0.0004407995,-0.00047107358
2026-01-08,0.009082749101682,-0.0006768848,-0.0003720954
2026-01-09,0.0250711358766225,-0.0013796575,-0.0013429553
2026-01-12,-0.0032848475449707,-0.0019758772,-0.0015015868
2026-01-13,0.0080516108297088,-0.0011991349,-0.00061266415
2026-01-14,-0.0021638942125954,-0.00059379044,-0.00018747369
2026-01-15,-0.0060621179774391,-0.00030642972,0.00023166632
2026-01-16,0.0366322934749193,-0.00017113061,0.0006575518
2026-01-20,0.015055377008505599,-0.0007311454,0.00014955664
2026-01-21,0.0158104443373971,0.0016127375,0.0025337453
2026-01-22,0.013637113842028198,0.0005279329,0.0015497378
2026-01-23,0.0205856563735352,-0.00038476833,0.00081516267
2026-01-26,3.931395514705023e-05,-0.0016808859,-0.00048683948
2026-01-27,0.0427171230788089,0.00094582955,0.0022032405
2026-01-28,0.0031638076649501,-7.4253156e-05,0.00077339937
2026-01-29,-0.12065691771157538,-0.00080237293,0.0004085123
2026-01-30,-0.0195798858862585,-0.0006075704,0.00017706136
2026-02-02,0.059054377761759105,0.0016025229,0.0010704721
2026-02-03,0.0033997461243729,0.0020120111,0.0015767865
2026-02-04,-0.012063365980342,0.00026351406,-0.00023667808
2026-02-05,0.0183035687055886,-0.0010207772,-0.0016559258
2026-02-06,0.0199364150051939,0.0010316839,0.0005713437
2026-02-09,-0.0093688411482088,-0.00032516583,-0.00023307875
2026-02-10,0.013458784179660198,0.00014956304,-0.0005723251
2026-02-11,-0.0295960488695587,0.00060618913,0.0004541733
2026-02-12,0.0197679406777852,-0.00030279518,-0.0011165348
2026-02-13,-0.028088975078812,0.0013539745,0.0004578617
2026-02-17,0.0209949752032044,0.0010536626,-5.3292722e-05
2026-02-18,-0.0021280217137131,0.000103064114,-0.00031498467
2026-02-19,0.016621856057854,-0.00096300873,-0.0018117852
2026-02-20,0.028334005840505903,0.00051423727,0.00019470078
2026-02-23,-0.0094398443614318,-0.00024511587,-0.00061073434
2026-02-24,0.0097663626026182,-0.0010270483,-0.001536248
2026-02-25,-0.005759467061588,0.001592534,0.0013859484
2026-02-26,0.0103777235776477,0.0006266718,9.454685e-05
2026-02-27,0.012142763938335101,0.0007869455,0.0003953065
2026-03-02,-0.0359591903930027,-0.0004536986,-0.0005412472
2026-03-03,0.0025030895869677,1.7486513e-05,-0.00033125546
2026-03-04,-0.0107802115364093,0.00059371995,0.00036619135
2026-03-05,0.015825837818907902,-0.00041923215,-0.00011351655
2026-03-06,-0.0106666825868943,-0.0018402466,-0.0012914906
2026-03-09,0.026781469772136402,0.0011185928,0.0013198706
2026-03-10,-0.0119843106311726,-0.00043353278,7.686575e-05
2026-03-11,-0.0100358900378337,-0.0006389029,-0.0005603706
2026-03-12,-0.0124505814370742,-0.0013620862,-0.00060688204
2026-03-13,-0.0116459784380575,-0.00043157345,-0.0004238217
2026-03-16,0.0014007005791852,0.0014816334,0.001068583
2026-03-17,-0.0224660590278504,0.002226545,0.0020031403
2026-03-18,-0.0609633251253208,0.0011183458,0.001340658
2026-03-19,-0.006607801222592099,0.00086798193,0.0008825698
2026-03-20,-0.0370647596540852,0.0011110386,0.0017793846
2026-03-23,-0.0010905544443628,-0.00096660305,-0.00052578584
2026-03-24,0.0336378400625408,-8.974632e-06,0.0008239469
2026-03-25,-0.039062434031347,0.0013460787,0.0018622049
2026-03-26,0.0262772378824479,0.00090986583,0.00065969554
2026-03-27,0.0075405103351488005,0.0016364325,0.0026060308
2026-03-30,0.026512431127413,0.0021235365,0.0021570963
2026-03-31,0.0287588410788178,0.0049732835,0.0048341583
2026-04-01,-0.027920071191100102,0.0026553199,0.0027897593
2026-04-02,0.0011387268075569,0.0005637492,0.00038370676
2026-04-06,6.448275631096512e-05,0.0025960468,0.003449557
2026-04-07,0.0196463915577559,0.0023257816,0.002833382
2026-04-08,0.0089502875774934,0.0024890627,0.0021696996
2026-04-09,-0.006342909169258399,0.0031011482,0.0033290323
2026-04-10,-0.0041034116689173,0.0018345824,0.0023173166
2026-04-13,0.0172674187035313,0.0015155941,0.0020831467
2026-04-14,-0.005194816877104,0.0016864473,0.0024055797
2026-04-15,-0.0030463223435293996,0.001319841,0.0017829211
2026-04-16,0.0149749133126094,0.0019358625,0.002787991
2026-04-17,-0.0105545150988202,0.0007593145,0.001262979
2026-04-20,-0.0227679893429337,0.0003472811,0.00069942954
2026-04-21,0.0072315996601697,-0.00050384377,-7.001657e-05
2026-04-22,-0.0058065565493349,0.00010282191,0.00033713106
2026-04-23,0.0036488801351286,-1.0129006e-06,0.00037698384
2026-04-24,-0.0099812279965847,0.00023165805,0.00035665074
2026-04-27,-0.01810793161911,0.00056881586,0.0010108127
2026-04-28,-0.0101349940385674,0.0011131675,0.001747904
2026-04-29,0.015175128715866702,0.00032392162,0.0012819816
2026-04-30,0.0032883457515008,0.000922867,0.0016365794
2026-05-01,-0.024133880243911398,-0.00045438609,0.000118639495
2026-05-04,0.0079997353376013,-0.00089918333,-0.00012039652
2026-05-05,0.0273028859945944,0.00045213892,0.0010255039
2026-05-06,0.0038159234729661,0.0008239139,0.00088020996
2026-05-07,0.0043736080198357,-4.128e-06,0.00022344007
2026-05-08,-0.00036014175759049996,0.0005083902,0.00077956077
2026-05-11,-0.0087482005669857,-0.00046509088,-3.8662634e-05
2026-05-12,0.0042878900568158,0.00027625478,0.0009792694
2026-05-13,-0.0041810033481702,-2.7949223e-05,0.0004573815
2026-05-14,-0.0264909618714656,-0.00018220718,0.00050893397
2026-05-15,-0.0007245709743039,0.00052557955,0.0019328189
2026-05-18,-0.0102001582717443,0.00020220876,0.0012727549
2026-05-19,0.0055324565918718,0.0005341852,0.0017200608
2026-05-20,0.0018740842574405,0.00018457774,0.00073708675
2026-05-21,-0.0041497068847259,-0.0007600904,-0.00050867966
2026-05-22,-0.0045669482971486,-0.00032832983,-0.00012158303
2026-05-26,-0.0118241194574663,0.0013349903,0.0014546537
2026-05-27,0.0115796451533138,-0.00016681288,0.0001914312
2026-05-28,0.0135104809269091,0.0004912017,0.00041034678
2026-05-29,-0.0188811795292179,-4.2685308e-05,-0.00028053063
2026-06-01,0.0031011708732173,-0.00027612268,-8.309717e-05
2026-06-02,-0.0117413571013593,0.00027975315,0.0005528277
2026-06-03,0.0087741621807501,0.0001500482,0.0005688709
2026-06-04,-0.0314791185446112,0.00035854554,0.0005699658
2026-06-05,-0.00027676589880340003,-0.0010070341,-0.0004588239
2026-06-08,-0.0176600183367723,0.0009486786,0.0012926213
2026-06-09,-0.036284136366234,0.00021192669,0.0004195092
2026-06-10,-0.0043666949794943,0.0003149302,0.0006589603
2026-06-11,0.0300312625182682,0.0010241538,0.001241358
2026-06-12,0.0264559500903616,0.0026493298,0.002855484
2026-06-15,0.000669808517219,0.0019076577,0.0017719517
2026-06-16,0.006444359486307901,0.0006848307,6.819179e-05
2026-06-17,-0.0314134660627234,0.0001065876,8.4779866e-05
2026-06-18,-0.0100405781203893,0.00015729762,-0.0007729423
2026-06-22,-0.0125124954060087,0.00043117904,-6.3757616e-05
2026-06-23,-0.0343867416766573,-0.0007131774,-0.0011676111
2026-06-24,0.0100240094595902,-0.0004346875,-0.0015516353
2026-06-25,0.0118878604795675,0.0029910433,0.0029043413
2026-06-26,-0.013924407756608899,0.0024680444,0.002450847
2026-06-29,0.0001491208473071,0.0017998128,0.001476771
2026-06-30,0.0112222224701834,0.0015761338,0.0018686184
2026-07-01,0.01085456083595,0.0004953485,0.0012296316
2026-07-02,0.0102567242913104,0.0013718423,0.0020678516
2026-07-06,-0.0023614037005704,0.001995659,0.003072396
2026-07-07,-0.0181110339675677,0.00012393066,0.0011481491
2026-07-08,0.0145586172724685,0.0011664351,0.0019801962
2026-07-09,-0.0064362006754105005,-2.2806023e-05,0.0008294863
2026-07-10,-0.0264424181089616,0.0011352664,0.0018962639
2026-07-13,0.0159098171952748,0.00015118308,0.0012259445
