Date,Actual_Volatility,Baseline_XGBoost_Prediction,Tuned_XGBoost_Static_Prediction,Tuned_XGBoost_WalkForward_Prediction
2023-07-06,0.0055774232568183,0.008725455,0.0075542214,0.00755422143265605
2023-07-07,0.0054049782323307,0.008725455,0.007556613,0.007556613069027662
2023-07-10,0.006182310896165,0.008725455,0.007487684,0.0074876840226352215
2023-07-11,0.0076016540735646,0.008725455,0.00747504,0.0074750399217009544
2023-07-12,0.0062036435149363,0.008725455,0.0076399734,0.007639973424375057
2023-07-13,0.0069371992746668,0.008725455,0.007698822,0.00769882183521986
2023-07-14,0.0070676167659308,0.008725455,0.0075642774,0.00756427738815546
2023-07-17,0.0068213317887539,0.008725455,0.0076222788,0.0076222787611186504
2023-07-18,0.0021879968048109,0.008725455,0.0076673,0.007667299825698137
2023-07-19,0.0031245546904001,0.008725455,0.0076199337,0.007619933690875769
2023-07-20,0.0058713859017795,0.008725455,0.007684689,0.00768468901515007
2023-07-21,0.0074052564898672,0.008725455,0.007659358,0.007659357972443104
2023-07-24,0.0076975047470332,0.008725455,0.007629942,0.007629942148923874
2023-07-25,0.0106032153067421,0.008725455,0.007621899,0.007621898781508207
2023-07-26,0.0101571309523241,0.008725455,0.0076708733,0.007670873310416937
2023-07-27,0.0089267945140239,0.008725455,0.0077272914,0.007727291435003281
2023-07-28,0.0080926885645373,0.008725455,0.0077283084,0.007728308439254761
2023-07-31,0.0070067017406634,0.008725455,0.0076533854,0.007653385400772095
2023-08-01,0.0033546437027891,0.008725455,0.007927561,0.007927561178803444
2023-08-02,0.003582235727904,0.008725455,0.008239409,0.00823940895497799
2023-08-03,0.0036451019406879,0.008725455,0.0076713376,0.007671337574720383
2023-08-04,0.0020414736700127,0.008725455,0.007629827,0.007618193048983812
2023-08-07,0.002134950993395,0.008725455,0.0076879067,0.007627117447555065
2023-08-08,0.0019641308362692,0.008725455,0.0075819064,0.007575213443487883
2023-08-09,0.0016752950309768,0.008725455,0.0074443957,0.007438623812049627
2023-08-10,0.0022841098398345,0.008725455,0.00746423,0.007428950630128384
2023-08-11,0.0028492081597261,0.008725455,0.0074718297,0.007444476243108511
2023-08-14,0.0041475510544935,0.008725455,0.007446454,0.0074216462671756744
2023-08-15,0.0041206799209712,0.008725455,0.007941948,0.007843424566090107
2023-08-16,0.0064281191061409,0.008725455,0.007448868,0.0074082729406654835
2023-08-17,0.0046967673075829,0.008725455,0.0075001153,0.00747818173840642
2023-08-18,0.0057125487734216,0.008725455,0.0074443957,0.007418270688503981
2023-08-21,0.0057004032133653,0.008725455,0.00748762,0.007461654022336006
2023-08-22,0.0064461593544676,0.008725455,0.0074383756,0.007413567043840885
2023-08-23,0.0050002443077194,0.008725455,0.007483545,0.007462143432348967
2023-08-24,0.0055684727136316,0.008725455,0.007868757,0.00778619758784771
2023-08-25,0.0046915291733604,0.008725455,0.00749807,0.007466661743819714
2023-08-28,0.0064349811308304,0.008725455,0.0074690203,0.007428482640534639
2023-08-29,0.0043515799991817,0.008725455,0.007673988,0.00761736324056983
2023-08-30,0.0031378224795154,0.008725455,0.007603223,0.007561058271676302
2023-08-31,0.0034340998295145,0.008725455,0.00760265,0.007554355543106794
2023-09-01,0.0038565233994226,0.008725455,0.0076759867,0.00760158384218812
2023-09-05,0.0035949929696756,0.008725455,0.0075558573,0.007435746490955353
2023-09-06,0.0032749391320012,0.008725455,0.007602453,0.007450854871422052
2023-09-07,0.0033308198418358,0.008725455,0.0075897234,0.007446084171533585
2023-09-08,0.0049190550142432,0.008725455,0.0076035457,0.0074671171605587006
2023-09-11,0.0051126682024463,0.008725455,0.007649919,0.00756100146099925
2023-09-12,0.0033861540878857,0.008725455,0.0075831884,0.007441445253789425
2023-09-13,0.0033621941936036,0.008725455,0.0075701475,0.007447980344295502
2023-09-14,0.0086423468369905,0.008725455,0.007649082,0.007546404376626015
2023-09-15,0.0081015988918578,0.008725455,0.008073934,0.007917170412838459
2023-09-18,0.0079893128363143,0.008725455,0.0076039704,0.007533157244324684
2023-09-19,0.0084395403796371,0.008725455,0.007613337,0.00752214714884758
2023-09-20,0.0074592063239514,0.008725455,0.007756346,0.007672412786632776
2023-09-21,0.0066897240001068,0.008725455,0.008087931,0.007890727370977402
2023-09-22,0.0041970317555179,0.008725455,0.0075743464,0.007442346774041653
2023-09-25,0.0036937381285142,0.008725455,0.007629008,0.007526657544076443
2023-09-26,0.004676186512566,0.008725455,0.007987493,0.007756883278489113
2023-09-27,0.0027913237199024,0.008725455,0.0075667854,0.007464349735528231
2023-09-28,0.0034779585734598,0.008725455,0.0075284485,0.007428374141454697
2023-09-29,0.006216764700566,0.008725455,0.0075054015,0.007469762582331896
2023-10-02,0.0064078929220161,0.008725455,0.0076693264,0.0075498404912650585
2023-10-03,0.0058814511629678,0.008725455,0.00805342,0.007953383028507233
2023-10-04,0.004242687992076,0.008725455,0.007531144,0.007371570449322462
2023-10-05,0.0045821383998578,0.008725455,0.0075250575,0.007387358229607344
2023-10-06,0.0121779984887902,0.008725455,0.0075059496,0.007347587496042252
2023-10-09,0.013609747334311,0.008725455,0.00748095,0.007328606676310301
2023-10-10,0.0139547458058307,0.008725455,0.007560768,0.007451431360095739
2023-10-11,0.0146864135202925,0.008789145,0.007685598,0.007517832797020674
2023-10-12,0.0136183652212095,0.008789145,0.00773982,0.007557834964245558
2023-10-13,0.0075949371733722,0.010029807,0.009848374,0.009661410935223103
2023-10-16,0.0075534968878131,0.00965664,0.009702362,0.009573342278599739
2023-10-17,0.0078167562471881,0.00965664,0.009753399,0.009534778073430061
2023-10-18,0.0045866800631623,0.009736071,0.01039044,0.010227277874946594
2023-10-19,0.0040831475472444,0.0099860625,0.0099515375,0.009868818335235119
2023-10-20,0.0028470158835534,0.009758843,0.0094337715,0.00929372850805521
2023-10-23,0.0021779188131051,0.00965664,0.009084024,0.009000391699373722
2023-10-24,0.0039950731316758,0.009736071,0.00904035,0.008978292346000671
2023-10-25,0.0037753390918656,0.009418077,0.009419495,0.00933272298425436
2023-10-26,0.004112325165679,0.009413385,0.009703685,0.009544496424496174
2023-10-27,0.0043490515146216,0.0093111815,0.009288055,0.00924545805901289
2023-10-30,0.0043471164437164,0.009218949,0.009370733,0.009341010823845863
2023-10-31,0.004865501241052,0.009218949,0.009363827,0.009375532157719135
2023-11-01,0.0055677146689614,0.009218949,0.009347952,0.009327743202447891
2023-11-02,0.0065081075095578,0.009218949,0.009335418,0.009216747246682644
2023-11-03,0.0081683694340662,0.009218949,0.009299023,0.009198050945997238
2023-11-06,0.0099871139867949,0.009082398,0.0090129785,0.008969848975539207
2023-11-07,0.0109395159380566,0.009390613,0.008606319,0.008550740778446198
2023-11-08,0.010196605392208,0.009390613,0.008414865,0.008405211381614208
2023-11-09,0.011218492436316,0.0093111815,0.008501935,0.008498024195432663
2023-11-10,0.0058363054283096,0.008725455,0.0077418596,0.00749970693141222
2023-11-13,0.0064684135241564,0.008725455,0.007783579,0.0075564906001091
2023-11-14,0.0070344566867669,0.008789145,0.007982171,0.0078847361728549
2023-11-15,0.0076545104395084,0.008725455,0.007754249,0.00757605629041791
2023-11-16,0.0061500069911654,0.008725455,0.008140864,0.007988430559635162
2023-11-17,0.0059985737980663,0.008725455,0.0075938907,0.007379117421805859
2023-11-20,0.0067994037431528,0.008725455,0.0076108836,0.0074103819206357
2023-11-21,0.0063041228010378,0.008725455,0.0076334174,0.007458509877324104
2023-11-22,0.0064593064364832,0.008725455,0.007669006,0.00748531986027956
2023-11-24,0.0082651359569908,0.008725455,0.0076403366,0.00748892268165946
2023-11-27,0.0157791778730587,0.008725455,0.007676654,0.007531807292252779
2023-11-28,0.0141378235823653,0.008789145,0.008154006,0.007961995899677277
2023-11-29,0.0144057739057951,0.008789145,0.0077933776,0.007710945326834917
2023-11-30,0.0143246865814189,0.008789145,0.007924394,0.007816653698682785
2023-12-01,0.0118149722954568,0.009082398,0.008417129,0.008243318647146225
2023-12-04,0.0084729274813587,0.009736071,0.010090123,0.009944365359842777
2023-12-05,0.0086987277421351,0.010022765,0.009748351,0.009662405587732792
2023-12-06,0.0077500456526834,0.009736071,0.009761799,0.00967342872172594
2023-12-07,0.0152124962579889,0.009401921,0.009629087,0.009508744813501835
2023-12-08,0.0129803435153844,0.00965664,0.0096253585,0.009468115866184235
2023-12-11,0.0110186198901015,0.00965664,0.008930269,0.00883354153484106
2023-12-12,0.0106690531068461,0.009401921,0.008825653,0.008743383921682835
2023-12-13,0.0111900052994658,0.009688615,0.008891348,0.00876612402498722
2023-12-14,0.0040979338068962,0.009943333,0.009997488,0.00992826372385025
2023-12-15,0.0040533096276093,0.009736071,0.0096521545,0.009550853632390499
2023-12-18,0.0042703587947521,0.00965664,0.009310998,0.009158597327768803
2023-12-19,0.0056613470856082,0.00965664,0.009323717,0.009163954295217991
2023-12-20,0.0062240023326237,0.009758843,0.009727585,0.009585651569068432
2023-12-21,0.007558673194705,0.00965664,0.009043301,0.008893925696611404
2023-12-22,0.0066245749804674,0.00965664,0.008989863,0.008875519968569279
2023-12-26,0.0095842020969577,0.009758843,0.009034072,0.008885783143341541
2023-12-27,0.0071744876116368,0.009943333,0.008992,0.008866604417562485
2023-12-28,0.0073821256039492,0.00965664,0.00902016,0.008904234506189823
2023-12-29,0.0076305349571091,0.009736071,0.0090599,0.008931430988013744
2024-01-02,0.0074876929896226,0.00965664,0.008850066,0.008673475123941898
2024-01-03,0.0042985763031927,0.009285552,0.008397257,0.00823021400719881
2024-01-04,0.0032034443438786,0.009285552,0.008269061,0.008230260573327541
2024-01-05,0.009122780038175,0.009206121,0.008279021,0.008209479972720146
2024-01-08,0.0097055240732302,0.009387756,0.008292652,0.008147158659994602
2024-01-09,0.0109981436921099,0.008977338,0.008109308,0.008037390187382698
2024-01-10,0.011929141131027,0.008789145,0.008001467,0.00797019898891449
2024-01-11,0.0118765129953415,0.00884766,0.008141572,0.008031121455132961
2024-01-12,0.0085561935690474,0.009308324,0.008404239,0.008309450000524521
2024-01-16,0.0075493502406802,0.008725455,0.007721575,0.007584772538393736
2024-01-17,0.0052560590103693,0.008789145,0.008026353,0.007986324839293957
2024-01-18,0.0037277012434765,0.008789145,0.0084954295,0.008443104103207588
2024-01-19,0.0029944338363084,0.008789145,0.008457416,0.008369517512619495
2024-01-22,0.003367233849018,0.008789145,0.007796809,0.0077496543526649475
2024-01-23,0.0035265154575936,0.008789145,0.007821895,0.007761639542877674
2024-01-24,0.0031650485927886,0.008789145,0.007645781,0.007580936886370182
2024-01-25,0.0030677782719732,0.008789145,0.007618922,0.007643105462193489
2024-01-26,0.0061394497820853,0.008725455,0.007479831,0.007318179588764906
2024-01-29,0.0066680117128932,0.008725455,0.007525761,0.007348673418164253
2024-01-30,0.0068295203772087,0.008725455,0.007486908,0.007331604138016701
2024-01-31,0.0052471676238737,0.008789145,0.007960399,0.007815536111593246
2024-02-01,0.0048706935747207,0.008725455,0.007674886,0.007535181939601898
2024-02-02,0.0038281311272214,0.008725455,0.0076173367,0.007405384443700314
2024-02-05,0.0033153722064597,0.008725455,0.007546358,0.007372261490672827
2024-02-06,0.0050425407802134,0.008725455,0.0075743464,0.0074034277349710464
2024-02-07,0.0047201722841134,0.008725455,0.0076227854,0.00742957042530179
2024-02-08,0.0066499384298714,0.008725455,0.007617557,0.007406730204820633
2024-02-09,0.007369805967565,0.008725455,0.0075850394,0.007399143185466528
2024-02-12,0.0083107166681305,0.008725455,0.0074552936,0.007313030306249857
2024-02-13,0.004611391913109,0.008725455,0.007886144,0.007553506642580032
2024-02-14,0.0046070519018962,0.008725455,0.007573951,0.007369308732450008
2024-02-15,0.0053487614358654,0.008725455,0.007492488,0.007300834637135267
2024-02-16,0.0064861320731737,0.008725455,0.007481031,0.007311432622373104
2024-02-20,0.0055892084058607,0.008725455,0.007618175,0.007425093092024326
2024-02-21,0.0053638553925672,0.008725455,0.007538058,0.00733172707259655
2024-02-22,0.0055914496790729,0.008725455,0.0075909053,0.007370025850832462
2024-02-23,0.0094729537126866,0.008725455,0.007591843,0.007469488773494959
2024-02-26,0.008488365986879,0.008725455,0.0076429127,0.007509162649512291
2024-02-27,0.0079107690949188,0.008725455,0.007616543,0.007448285352438688
2024-02-28,0.0058836357536443,0.008725455,0.007573581,0.007370008621364832
2024-02-29,0.0065303946956339,0.008725455,0.0075713545,0.007351815700531006
2024-03-01,0.0040191419225265,0.008725455,0.0077515314,0.007608361542224884
2024-03-04,0.0032141665853383,0.009524836,0.00803707,0.0078955739736557
2024-03-05,0.0077451031248785,0.009857116,0.008450733,0.008338342420756817
2024-03-06,0.0075954234776467,0.010003064,0.008299788,0.008141466416418552
2024-03-07,0.0083145407121615,0.009857116,0.008315526,0.008147667162120342
2024-03-08,0.0066142189843092,0.009629897,0.008977784,0.00878515187650919
2024-03-11,0.0065845195709911,0.009066979,0.008935027,0.008820034563541412
2024-03-12,0.0048328992272756,0.008894206,0.008978051,0.008805818855762482
2024-03-13,0.0029058920277187,0.00920353,0.008803159,0.008604494854807854
2024-03-14,0.0056048814519717,0.00920353,0.008814888,0.008648973889648914
2024-03-15,0.0080620167675495,0.009066979,0.008781842,0.008756500668823719
2024-03-18,0.0087819560286848,0.009066979,0.0087158745,0.008611157536506653
2024-03-19,0.0086176086482834,0.008830516,0.008371747,0.00842816662043333
2024-03-20,0.0088649980587967,0.008830516,0.00854942,0.008346029557287693
2024-03-21,0.009074281012782,0.008894206,0.008875413,0.008713812567293644
2024-03-22,0.004287212007712,0.008952721,0.008474974,0.008343233726918697
2024-03-25,0.0046175658680155,0.008894206,0.009019544,0.008826001547276974
2024-03-26,0.0030426232884895,0.008894206,0.008975977,0.008789405226707458
2024-03-27,0.0066432362320872,0.008894206,0.008974124,0.008965865708887577
2024-03-28,0.0073190537323091,0.009218949,0.00930016,0.009179998189210892
2024-04-01,0.0079781153428208,0.009066979,0.008720859,0.008468979969620705
2024-04-02,0.0079378664527341,0.009144342,0.008689401,0.008479858748614788
2024-04-03,0.0084099217304544,0.009857116,0.008991483,0.008811160922050476
2024-04-04,0.0083280581333279,0.009629897,0.009008293,0.008873909711837769
2024-04-05,0.0061170273706009,0.009915631,0.009372488,0.008958902209997177
2024-04-08,0.0061514217912441,0.009629897,0.009136234,0.008814099244773388
2024-04-09,0.0070475946450786,0.008894206,0.009089076,0.008750660344958305
2024-04-10,0.0077994637544995,0.008894206,0.008941929,0.008598840795457363
2024-04-11,0.0067942590516131,0.009030757,0.009138265,0.008812982589006424
2024-04-12,0.0069569533601004,0.009415252,0.009276379,0.008934012614190578
2024-04-15,0.0156731818344085,0.009415252,0.009439808,0.008874810300767422
2024-04-16,0.0139074079510582,0.00920353,0.008852803,0.008511621505022049
2024-04-17,0.0139058031707032,0.009030757,0.009124732,0.008838954381644726
2024-04-18,0.0136041237397352,0.009030757,0.008986737,0.00866389088332653
2024-04-19,0.0127903810907793,0.009030757,0.009028078,0.008674189448356628
2024-04-22,0.0027181173562663,0.009980797,0.010738087,0.010236752219498158
2024-04-23,0.0114602238705951,0.009867018,0.010396863,0.010226241312921047
2024-04-24,0.0118736484465229,0.009764815,0.0103750285,0.010145382955670357
2024-04-25,0.0116888709845421,0.009764815,0.010112515,0.010030040517449379
2024-04-26,0.0115014972238843,0.009506982,0.009775974,0.00964357890188694
2024-04-29,0.0125624747681215,0.009506982,0.008973849,0.00885078962892294
2024-04-30,0.0048931443121043,0.009736071,0.009829904,0.009539349935948849
2024-05-01,0.0049203517008966,0.009758843,0.009539619,0.0093528488650918
2024-05-02,0.0056316046360945,0.009758843,0.009560207,0.009385245852172375
2024-05-03,0.007420206887515,0.009758843,0.009252456,0.009123663417994976
2024-05-06,0.0107729066008208,0.00965664,0.009593103,0.00932933297008276
2024-05-07,0.0107845813145392,0.00965664,0.008758769,0.008642066270112991
2024-05-08,0.0115745697455898,0.00965664,0.0087699145,0.008660588413476944
2024-05-09,0.0123205329461023,0.009758843,0.008664366,0.008546126075088978
2024-05-10,0.0119939522962619,0.00965664,0.009087923,0.00885157659649849
2024-05-13,0.0073112254630302,0.00965664,0.009089712,0.008873614482581615
2024-05-14,0.0094516597823881,0.009758843,0.009015439,0.008862915448844433
2024-05-15,0.0109762431594735,0.009758843,0.009623441,0.009346120990812778
2024-05-16,0.0151845449354644,0.00965664,0.009608771,0.009396628476679325
2024-05-17,0.0121442751248673,0.00965664,0.009620681,0.009451817721128464
2024-05-20,0.0123816665289643,0.009390613,0.008838501,0.008661630563437939
2024-05-21,0.0123544181178974,0.009401921,0.008780065,0.0086014773696661
2024-05-22,0.0121080181447156,0.009736071,0.009239002,0.009123384952545166
2024-05-23,0.007151149422352,0.009736071,0.01014778,0.009858014062047005
2024-05-24,0.0087262270673505,0.00965664,0.009729778,0.009584378451108932
2024-05-28,0.0081766283748696,0.00965664,0.009808263,0.009661468677222729
2024-05-29,0.0100232329513916,0.009736071,0.009744797,0.009546325542032719
2024-05-30,0.0103384713920592,0.009758843,0.0096990075,0.009527750313282013
2024-05-31,0.0169185485044333,0.00965664,0.009058051,0.00886308029294014
2024-06-03,0.0158026366719451,0.010022765,0.0090122,0.008856927044689655
2024-06-04,0.0155010170299434,0.009838275,0.009012022,0.008803274482488632
2024-06-05,0.015512566257395,0.009758843,0.009138035,0.008988508023321629
2024-06-06,0.015698031601766,0.00965664,0.009189129,0.009101055562496185
2024-06-07,0.0116871478022863,0.009736071,0.01092216,0.010977310128509998
2024-06-10,0.0126180537112169,0.00965664,0.010143644,0.00990193709731102
2024-06-11,0.0130221140368931,0.009838275,0.010039897,0.009821980260312557
2024-06-12,0.0126037676798354,0.009758843,0.010038854,0.00979699194431305
2024-06-13,0.0127976130822267,0.009838275,0.010138388,0.009892456233501434
2024-06-14,0.0113759245678747,0.00965664,0.009850137,0.009797492064535618
2024-06-17,0.0109927730420576,0.00965664,0.009669631,0.009541478008031845
2024-06-18,0.0105404770349685,0.009758843,0.009685458,0.009555479511618614
2024-06-20,0.0108316990546486,0.00965664,0.009941272,0.00986602995544672
2024-06-21,0.0077669177549999,0.00965664,0.010088982,0.010065354406833649
2024-06-24,0.0072724816169188,0.00965664,0.00957029,0.009424651972949505
2024-06-25,0.006724844996269,0.009838275,0.009298419,0.009223852306604385
2024-06-26,0.0077014325750639,0.00965664,0.00913251,0.009075108915567398
2024-06-27,0.0079284608169374,0.009736071,0.009232461,0.009144955314695835
2024-06-28,0.0119018859246045,0.00965664,0.0090704085,0.00896067637950182
2024-07-01,0.0118329161310837,0.009736071,0.009114787,0.008956551551818848
2024-07-02,0.0115424539161972,0.00965664,0.008909505,0.008821429684758186
2024-07-03,0.012109344098458,0.00965664,0.009160343,0.009030249901115894
2024-07-05,0.0114559439079181,0.009758843,0.009150727,0.009059425443410873
2024-07-08,0.0071292907658601,0.009736071,0.009686575,0.009548714384436607
2024-07-09,0.0080780931180616,0.009736071,0.009506515,0.009456074796617031
2024-07-10,0.0096206049543018,0.00965664,0.009500096,0.009360754862427711
2024-07-11,0.0077545749887294,0.009758843,0.009955589,0.009803224354982376
2024-07-12,0.0142646692158196,0.009758843,0.00953736,0.00940826814621687
2024-07-15,0.0139768245988965,0.009506982,0.009241004,0.00905557256191969
2024-07-16,0.0108121083020623,0.009764815,0.009445636,0.00923438835889101
2024-07-17,0.0114650811765521,0.010158579,0.009751425,0.009474166668951511
2024-07-18,0.0150043464353001,0.009586413,0.009105402,0.009021596983075142
2024-07-19,0.0144878992424329,0.009736071,0.009855004,0.009802186861634254
2024-07-22,0.0144877128977081,0.009736071,0.00979058,0.009726990945637226
2024-07-23,0.0154415683803312,0.009758843,0.009275143,0.009192411787807941
2024-07-24,0.0159216008006284,0.00965664,0.00997621,0.009779262356460094
2024-07-25,0.0056313615338391,0.009736071,0.010272795,0.010257786139845848
2024-07-26,0.0065042397943303,0.009758843,0.010000351,0.009913729503750801
2024-07-29,0.0089204346356801,0.00965664,0.009988813,0.009913790039718151
2024-07-30,0.0074802886593967,0.00965664,0.0102419425,0.01004923228174448
2024-07-31,0.0052217659728246,0.009758843,0.01026339,0.010157872922718525
2024-08-01,0.0087964928953763,0.010022765,0.009589903,0.009449266828596592
2024-08-02,0.0088836191029611,0.009943333,0.0098214215,0.009725027717649937
2024-08-05,0.0078564321614514,0.009736071,0.00988097,0.009717320092022419
2024-08-06,0.0059691302035175,0.00965664,0.009132926,0.009084527380764484
2024-08-07,0.0098535918991624,0.00965664,0.009149398,0.0090596629306674
2024-08-08,0.0086032583811268,0.00965664,0.009088695,0.008929879404604435
2024-08-09,0.0112225412454226,0.00965664,0.0090129245,0.008999638259410858
2024-08-12,0.010574273309755,0.009758843,0.0090686735,0.009034973569214344
2024-08-13,0.0105446416918894,0.009758843,0.009118012,0.008985227905213833
2024-08-14,0.0075969113579385,0.009736071,0.008931227,0.008829860016703606
2024-08-15,0.0108760262512334,0.00965664,0.008987045,0.008869925513863564
2024-08-16,0.008575838237481,0.00965664,0.0096052205,0.009542953222990036
2024-08-19,0.0086786315395878,0.00965664,0.00935401,0.009355323389172554
2024-08-20,0.0085833276126996,0.009758843,0.009292792,0.009296044707298279
2024-08-21,0.0090563377878137,0.009758843,0.009092423,0.009058749303221703
2024-08-22,0.0073566232612809,0.009390613,0.008863663,0.008825557306408882
2024-08-23,0.0086780294563606,0.009413385,0.008612122,0.00858973152935505
2024-08-26,0.0082484217319898,0.0093111815,0.008580321,0.008551137521862984
2024-08-27,0.0083969617116386,0.009082398,0.008322027,0.008272089995443821
2024-08-28,0.008815607002399,0.008977338,0.008174117,0.008069261908531189
2024-08-29,0.0076805133455633,0.009206121,0.008331976,0.008301599882543087
2024-08-30,0.0053926057204602,0.009285552,0.008364865,0.008292600512504578
2024-09-03,0.0054180491032009,0.009285552,0.008825089,0.008758529089391232
2024-09-04,0.0054847740286427,0.009413385,0.008478071,0.008461439050734043
2024-09-05,0.0081983164947845,0.0093111815,0.008485733,0.00847313180565834
2024-09-06,0.0064264127055983,0.009387756,0.00879695,0.008572149090468884
2024-09-09,0.0071134530353074,0.009206121,0.008294532,0.008202827535569668
2024-09-10,0.0091032367428492,0.008977338,0.008114583,0.008077169768512249
2024-09-11,0.008878069077555,0.008977338,0.008100002,0.008020944893360138
2024-09-12,0.0068383149174439,0.009082398,0.008320947,0.008251708000898361
2024-09-13,0.0070091349051587,0.009413385,0.008590853,0.008550507947802544
2024-09-16,0.0067836255208382,0.008789145,0.0078831995,0.0077915433794260025
2024-09-17,0.004274589428928,0.008789145,0.007958045,0.007831012830138206
2024-09-18,0.0041521963153647,0.008789145,0.007966778,0.007840805687010288
2024-09-19,0.0043328208335899,0.008789145,0.00808783,0.007911783643066883
2024-09-20,0.0069782651368873,0.008894206,0.007974159,0.008012935519218445
2024-09-23,0.0072908456389436,0.008830516,0.0077443654,0.0076674809679389
2024-09-24,0.008043414218163,0.008830516,0.008108314,0.008087878115475178
2024-09-25,0.0088129165536442,0.008830516,0.008136464,0.008071833290159702
2024-09-26,0.0087792753339884,0.008830516,0.008585231,0.008272871375083923
2024-09-27,0.007716789088642,0.008894206,0.007898021,0.007900381460785866
2024-09-30,0.0075263747376063,0.008830516,0.008008778,0.007839132100343704
2024-10-01,0.0059221006053075,0.009066979,0.008718741,0.008352581411600113
2024-10-02,0.0055640822940004,0.008830516,0.008173468,0.0082085020840168
2024-10-03,0.0061550860446711,0.008830516,0.008037723,0.007884416729211807
2024-10-04,0.0095426185370962,0.008830516,0.007986268,0.00787827093154192
2024-10-07,0.0097654392626437,0.008830516,0.008131137,0.008006089366972446
2024-10-08,0.0073771634097524,0.009437628,0.008109856,0.007926332764327526
2024-10-09,0.0062704933372086,0.008789145,0.008010518,0.007842474617064
2024-10-10,0.0062924566306142,0.008725455,0.0076846057,0.007553754840046167
2024-10-11,0.0046274756050295,0.008789145,0.007780598,0.007650237996131182
2024-10-14,0.0018687253629347,0.008789145,0.007814227,0.007677965797483921
2024-10-15,0.0020517605343929,0.008725455,0.007813518,0.007674331311136484
2024-10-16,0.0080078725680079,0.008725455,0.007765911,0.007678786292672157
2024-10-17,0.0081478909871332,0.008725455,0.007859416,0.007719238754361868
2024-10-18,0.0076202153691077,0.008725455,0.00768341,0.0075243692845106125
2024-10-21,0.0075868516181095,0.008725455,0.007700093,0.007540049031376839
2024-10-22,0.0079274328664263,0.008725455,0.0077110603,0.007592509500682354
2024-10-23,0.0037025526374203,0.008789145,0.007867296,0.0077437651343643665
2024-10-24,0.0108744616779476,0.008789145,0.007755533,0.007713500875979662
2024-10-25,0.010821194365815,0.008725455,0.0076794256,0.007524271961301565
2024-10-28,0.0108120738543785,0.008725455,0.0076242876,0.0075311255641281605
2024-10-29,0.009549079298458,0.008725455,0.007633945,0.007519392762333155
2024-10-30,0.0128769358280348,0.008830516,0.007979163,0.007800437975674868
2024-10-31,0.0142729410672729,0.008977338,0.008752153,0.008544472977519035
2024-11-01,0.0141719254956712,0.00884766,0.008271369,0.008248874917626381
2024-11-04,0.0177932686630419,0.00884766,0.008299977,0.008287694305181503
2024-11-05,0.0170786448635686,0.008894206,0.007967454,0.00786334928125143
2024-11-06,0.0144244148875006,0.009736071,0.009905265,0.00993976928293705
2024-11-07,0.0106553272230634,0.009943333,0.0098945545,0.009722488932311535
2024-11-08,0.0111537177354371,0.009481353,0.009687091,0.009702042676508427
2024-11-11,0.0099910691139163,0.00965664,0.011094932,0.01085720770061016
2024-11-12,0.0099876460235474,0.010238485,0.011079775,0.011254248209297657
2024-11-13,0.0086116512175981,0.00964255,0.009819694,0.0097358962520957
2024-11-14,0.0065529688176789,0.010562819,0.009636712,0.009549486450850964
2024-11-15,0.0046021978849293,0.00965664,0.010214205,0.009734340012073517
2024-11-18,0.0200172985613323,0.00965664,0.009160016,0.009056386537849903
2024-11-19,0.0197777726865259,0.00965664,0.009147603,0.009086406789720058
2024-11-20,0.0197202691868323,0.009736071,0.00903262,0.00898438785225153
2024-11-21,0.0194426711148501,0.00965664,0.009175335,0.009128397330641747
2024-11-22,0.0175598500068023,0.010029807,0.009613311,0.00953770149499178
2024-11-25,0.0063257583278791,0.010821609,0.012351578,0.012317993678152561
2024-11-26,0.0063303078331266,0.010821609,0.012243964,0.012243304401636124
2024-11-27,0.0077147483407781,0.010821609,0.012276588,0.01224651001393795
2024-11-29,0.0072904422554648,0.010821609,0.011957049,0.011962047778069973
2024-12-02,0.0075038092019092,0.010821609,0.012348774,0.012324236333370209
2024-12-03,0.008766087103819,0.010821609,0.01065058,0.010575680993497372
2024-12-04,0.0096863018461826,0.010821609,0.01062495,0.010375994257628918
2024-12-05,0.0125724906597848,0.01019375,0.00965537,0.009645259007811546
2024-12-06,0.014551081513832,0.009758843,0.009429901,0.00943153165280819
2024-12-09,0.0137391391183401,0.01019375,0.009659483,0.009627744555473328
2024-12-10,0.0116093902620774,0.00965664,0.0091404235,0.009140060283243656
2024-12-11,0.006838279877029,0.00965664,0.009490548,0.00952118169516325
2024-12-12,0.0067895415214115,0.00965664,0.010109311,0.010156453587114811
2024-12-13,0.0109573147061067,0.009736071,0.010252504,0.01023845188319683
2024-12-16,0.0111087562501729,0.00965664,0.010170319,0.010140078142285347
2024-12-17,0.0114263960714091,0.00965664,0.009700532,0.009629182517528534
2024-12-18,0.0120566862945962,0.00965664,0.010023639,0.009830553084611893
2024-12-19,0.0092681311422225,0.009619778,0.009605228,0.009726268239319324
2024-12-20,0.0065126868108088,0.009540346,0.009524449,0.009645097889006138
2024-12-23,0.0073308163221899,0.009540346,0.00968982,0.00964231789112091
2024-12-24,0.0086219517723277,0.009401921,0.009122479,0.009175705723464489
2024-12-26,0.008888807187659,0.009401921,0.009324191,0.009394052438437939
2024-12-27,0.0077912397784523,0.009481353,0.008961126,0.00898986030369997
2024-12-30,0.0072730147513091,0.009583556,0.008858668,0.00892559252679348
2024-12-31,0.0067210392573117,0.009401921,0.008738164,0.00880012009292841
2025-01-02,0.0085150265427557,0.009540346,0.008931773,0.008979476988315582
2025-01-03,0.0109209378632342,0.009540346,0.008997004,0.00896108616143465
2025-01-06,0.0106389741875633,0.009540346,0.008784777,0.008811093866825104
2025-01-07,0.0115164214204678,0.009540346,0.009191974,0.009114106185734272
2025-01-08,0.0120341279614923,0.009401921,0.008659413,0.008734737522900105
2025-01-10,0.0107288521238067,0.009540346,0.00926637,0.009100324474275112
2025-01-13,0.0063353016997599,0.009619778,0.008917454,0.008980881422758102
2025-01-14,0.0059244428974241,0.009285552,0.008422586,0.008385809138417244
2025-01-15,0.0055932685790751,0.009308324,0.008910313,0.008821411058306694
2025-01-16,0.0031795408444436,0.0095041245,0.009367758,0.009332151152193546
2025-01-17,0.008246247693495,0.009401921,0.008888704,0.008926264941692352
2025-01-21,0.0095888172212249,0.009506982,0.008876799,0.00895918533205986
2025-01-22,0.0093707637528854,0.009082398,0.009032752,0.008865473791956902
2025-01-23,0.0125328939138425,0.008894206,0.008239092,0.00820270087569952
2025-01-24,0.0130016664769908,0.008894206,0.008336782,0.008351799100637436
2025-01-27,0.008908665591443,0.009413385,0.008827309,0.008778173476457596
2025-01-28,0.0086699202398644,0.0093111815,0.008479269,0.008535617962479591
2025-01-29,0.0081573881961127,0.009082398,0.008376587,0.008478529751300812
2025-01-30,0.0063525783986289,0.009447732,0.0098824715,0.009661506861448288
2025-01-31,0.0053774148632581,0.0093111815,0.0096708285,0.009561149403452873
2025-02-03,0.0077541046687995,0.009390613,0.009256574,0.009117566980421543
2025-02-04,0.008162851003467,0.009413385,0.009480873,0.00922598410397768
2025-02-05,0.0083359954851544,0.009549935,0.00961264,0.009410658851265907
2025-02-06,0.007042563416907,0.0093111815,0.009261648,0.00900751631706953
2025-02-07,0.0112402583716135,0.0093111815,0.009354335,0.009045873768627644
2025-02-10,0.0113245997437448,0.0093111815,0.009398099,0.009046699851751328
2025-02-11,0.0115745657530736,0.009089272,0.00934081,0.00919539574533701
2025-02-12,0.0118588088894927,0.009089272,0.009262237,0.00907614454627037
2025-02-13,0.0117145658283828,0.008894206,0.009047291,0.008732588961720467
2025-02-14,0.0079846919376734,0.009492816,0.009014812,0.008814499713480473
2025-02-18,0.0084035961111235,0.009390613,0.009599963,0.009259745478630066
2025-02-19,0.0086608281297641,0.009390613,0.009150509,0.009057865478098392
2025-02-20,0.0087875166129298,0.0093111815,0.0094748195,0.009369206614792347
2025-02-21,0.0100464628432822,0.009413385,0.009863223,0.009577149525284767
2025-02-24,0.0150411166853294,0.009492816,0.008971012,0.00873333215713501
2025-02-25,0.0142060649422417,0.009413385,0.008830603,0.008732018992304802
2025-02-26,0.014087085647656,0.0093111815,0.008510591,0.008507627993822098
2025-02-27,0.0125823252009574,0.009586413,0.009235817,0.009215373545885086
2025-02-28,0.0086802814789742,0.009583556,0.00915275,0.009091646410524845
2025-03-03,0.0046860311526201,0.009540346,0.010168919,0.009981813840568066
2025-03-04,0.0049947546863386,0.009540346,0.010134669,0.009985310956835747
2025-03-05,0.0063870061647121,0.009540346,0.0097742835,0.009674862958490849
2025-03-06,0.0087150826088366,0.009540346,0.010018852,0.009858625940978527
2025-03-07,0.0073932491646675,0.009619778,0.008986792,0.009050945751369
2025-03-10,0.0052706246398058,0.00982704,0.00948486,0.009388870559632778
2025-03-11,0.0056047519567086,0.009401921,0.00865339,0.008752231486141682
2025-03-12,0.0065821226230233,0.009540346,0.008778502,0.008917931467294693
2025-03-13,0.004577484102578,0.00964255,0.009362553,0.009218432009220123
2025-03-14,0.0067069061362267,0.009540346,0.009100337,0.009066599421203136
2025-03-17,0.0068566641635533,0.009401921,0.008876663,0.008968543261289597
2025-03-18,0.0040634454398595,0.009206121,0.008906921,0.00881345383822918
2025-03-19,0.004023707250829,0.009387756,0.008514971,0.00860321894288063
2025-03-20,0.0075190126412233,0.009387756,0.008334644,0.008348805829882622
2025-03-21,0.006249048513952,0.009285552,0.008423911,0.008445728570222855
2025-03-24,0.0057973233139584,0.009285552,0.0085435305,0.008481483906507492
2025-03-25,0.0068417810603815,0.009413385,0.008256867,0.008270060643553734
2025-03-26,0.0055913307711494,0.009206121,0.008570652,0.008454511873424053
2025-03-27,0.0102128815094531,0.009082398,0.0084814625,0.008645178750157356
2025-03-28,0.0160284608406868,0.009415252,0.009155881,0.008898730389773846
2025-03-31,0.0140241821756993,0.009066979,0.008905365,0.008408008143305779
2025-04-01,0.0155516571041423,0.009066979,0.0087227775,0.00838993676006794
2025-04-02,0.0230329017102442,0.009066979,0.008766545,0.008407076820731163
2025-04-03,0.027470331139719,0.010484962,0.00951943,0.009375892579555511
2025-04-04,0.0214748036508021,0.009619778,0.011405526,0.011399589478969574
2025-04-07,0.0159028799416903,0.0100427605,0.010488552,0.010434807278215885
2025-04-08,0.0161579353322167,0.009790169,0.010827866,0.010593009181320667
2025-04-09,0.016975820726367,0.009540346,0.011124061,0.011339817196130753
2025-04-10,0.0169897222055966,0.011469055,0.013476761,0.013796109706163406
2025-04-11,0.0182766902008702,0.011017194,0.012532426,0.012390696443617344
2025-04-14,0.0282067761449241,0.011539494,0.012300974,0.011906035244464874
2025-04-15,0.0287487297401927,0.011017194,0.011877336,0.011698550544679165
2025-04-16,0.0257256741781158,0.011445434,0.013284154,0.012914416380226612
2025-04-17,0.0268006502313374,0.011007797,0.012810034,0.01263394020497799
2025-04-22,0.0225133430792505,0.011219519,0.0128629645,0.012918387539684772
2025-04-23,0.0137632383751474,0.0114662275,0.015605362,0.015354493632912636
2025-04-24,0.0162870593171575,0.0114662275,0.015278621,0.015160541981458664
2025-04-25,0.0166776178750439,0.011730521,0.01588063,0.015571456402540207
2025-04-28,0.0194429425022732,0.01165364,0.014703825,0.014630567282438278
2025-04-29,0.0236578883979862,0.011781383,0.01596188,0.015728462487459183
2025-04-30,0.0242200865302986,0.01151709,0.014233414,0.014129774644970894
2025-05-01,0.022932560006407,0.011781383,0.0151914125,0.014858166687190533
2025-05-02,0.0231154238973391,0.011781383,0.0147891985,0.014855997636914253
2025-05-05,0.0266009394650892,0.01151709,0.015419398,0.015558694489300251
2025-05-06,0.0200609262902377,0.0118653625,0.015211219,0.015240700915455818
2025-05-07,0.0203371368755857,0.01165364,0.01558329,0.015554252080619335
2025-05-08,0.0211836283566173,0.01165364,0.015903454,0.016038957983255386
2025-05-09,0.019166172470719,0.01165364,0.015107547,0.015619752928614616
2025-05-12,0.0148782777487865,0.011781383,0.015959112,0.015975989401340485
2025-05-13,0.0163310022528407,0.012283797,0.016263679,0.016322392970323563
2025-05-14,0.011479814352059,0.012283797,0.016440064,0.01660819724202156
2025-05-15,0.0124193209475101,0.011781383,0.015463058,0.01566378027200699
2025-05-16,0.0101300025563864,0.011781383,0.015933186,0.015753379091620445
2025-05-19,0.0165442511062866,0.01151709,0.014077365,0.014321459457278252
2025-05-20,0.0153088832269418,0.01151709,0.014008925,0.014163467101752758
2025-05-21,0.0151053796057196,0.012068602,0.013793452,0.013498996384441853
2025-05-22,0.0154915594234125,0.01151709,0.013337152,0.013349269516766071
2025-05-23,0.0166008329532694,0.011702844,0.012606989,0.01309296302497387
2025-05-27,0.0133970908521427,0.01151709,0.014281552,0.014449765905737877
2025-05-28,0.0131863640147966,0.01151709,0.014317915,0.01440424658358097
2025-05-29,0.0140138780810922,0.01151709,0.013913387,0.014159200713038445
2025-05-30,0.0139864734009402,0.011077553,0.013127443,0.013006338849663734
2025-06-02,0.0067617131903155,0.01151709,0.013477177,0.013819713145494461
2025-06-03,0.0064870588235055,0.011077553,0.012914256,0.012629710137844086
2025-06-04,0.0046664183196965,0.010644027,0.011171209,0.011369087733328342
2025-06-05,0.009873923500287,0.010644027,0.011225071,0.011349628679454327
2025-06-06,0.009317463709141,0.010644027,0.011290082,0.011390364728868008
2025-06-09,0.0120065798074721,0.010644027,0.010460479,0.01071203127503395
2025-06-10,0.0119368016788972,0.009540346,0.009380462,0.009561347775161266
2025-06-11,0.0118768038197631,0.00964255,0.009488097,0.009578688070178032
2025-06-12,0.0096127901211701,0.009750725,0.009645181,0.009913620539009571
2025-06-13,0.0053176865202029,0.009727953,0.010439138,0.010449670255184174
2025-06-16,0.008250783304727,0.009648521,0.010338648,0.010238603688776493
2025-06-17,0.0089500812526308,0.009540346,0.009832461,0.009887008927762508
2025-06-18,0.0090823306669973,0.009540346,0.009578116,0.009474567137658596
2025-06-20,0.0113011355930503,0.009721981,0.009124075,0.009197386913001537
2025-06-23,0.01203549513878,0.00964255,0.00907536,0.009047257713973522
2025-06-24,0.0115723010709904,0.00964255,0.0088766385,0.008949573151767254
2025-06-25,0.0115916499642275,0.009540346,0.008883685,0.00892722699791193
2025-06-26,0.0118918317314848,0.00964255,0.008936415,0.008970019407570362
2025-06-27,0.0066207304936968,0.009619778,0.009288872,0.009252149611711502
2025-06-30,0.0079539543674549,0.009540346,0.009568283,0.009441002272069454
2025-07-01,0.0045752710615499,0.009401921,0.009100716,0.009032697416841984
2025-07-02,0.0041804810663279,0.009401921,0.009125318,0.009054189547896385
2025-07-03,0.0068160555782203,0.009481353,0.009111301,0.009128868579864502
2025-07-07,0.006920642416974,0.009401921,0.008632841,0.008692722767591476
2025-07-08,0.0065836397611434,0.009401921,0.008484897,0.00852291937917471
2025-07-09,0.0070162627412639,0.0095041245,0.008550108,0.008571892976760864
2025-07-10,0.0075566928578965,0.009401921,0.008512557,0.00849968008697033
2025-07-11,0.0054448260647838,0.009401921,0.008826018,0.008876052685081959
2025-07-14,0.0083966745481943,0.009285552,0.008099644,0.008118005469441414
2025-07-15,0.0069694327019141,0.008977338,0.007855163,0.007980248890817165
2025-07-16,0.0111910997355846,0.008977338,0.007863616,0.007978597655892372
2025-07-17,0.0116975137318869,0.008977338,0.00787901,0.007976912893354893
2025-07-18,0.0128916412455496,0.008977338,0.007846791,0.007976061664521694
2025-07-21,0.0095500419030805,0.009206121,0.008209243,0.00825577788054943
2025-07-22,0.0067613416155822,0.009206121,0.008295005,0.008323200978338718
2025-07-23,0.005916745997257,0.009285552,0.008654597,0.008500979281961918
2025-07-24,0.006279437516024,0.009206121,0.0087150885,0.008600042201578617
2025-07-25,0.0101366824026968,0.009285552,0.008932121,0.008755394257605076
2025-07-28,0.0092858733702467,0.008977338,0.00810671,0.008338096551597118
2025-07-29,0.0093102252171054,0.008977338,0.008121593,0.008261888287961483
2025-07-30,0.0072648049660104,0.008789145,0.007784414,0.00778208440169692
2025-07-31,0.0064955703808618,0.008789145,0.007925249,0.00792011246085167
2025-08-01,0.004685875744713,0.009308324,0.00881943,0.00865138042718172
2025-08-04,0.0141699315634607,0.009206121,0.008240131,0.008324051275849342
2025-08-05,0.0140408207283286,0.009206121,0.008234348,0.008271043188869953
2025-08-06,0.0142130135540375,0.009206121,0.00824529,0.00824358407407999
2025-08-07,0.0137362437271067,0.009206121,0.008322867,0.008310897275805473
2025-08-08,0.0113524348219574,0.009206121,0.008241117,0.00826459564268589
2025-08-11,0.0036376933186682,0.009540346,0.009760612,0.00965576060116291
2025-08-12,0.0040981911596418,0.00964255,0.0097992085,0.009714898653328419
2025-08-13,0.006293429301921,0.00964255,0.009698904,0.009560594335198402
2025-08-14,0.0054091124141353,0.009540346,0.009586286,0.009431654587388039
2025-08-15,0.0073436709260243,0.009619778,0.009361412,0.009155749343335629
2025-08-18,0.0072240531494071,0.009401921,0.008551405,0.0086479177698493
2025-08-19,0.0056651930588492,0.009481353,0.008433649,0.00843166746199131
2025-08-20,0.0051051121352399,0.009206121,0.008213947,0.00826010201126337
2025-08-21,0.0042517700261456,0.009206121,0.008143901,0.008202801458537579
2025-08-22,0.0045753855477487,0.009308324,0.008445725,0.008428799919784069
2025-08-25,0.0071029916587776,0.009285552,0.00821683,0.008321654051542282
2025-08-26,0.006335392877173,0.009308324,0.008345172,0.008386461064219475
2025-08-27,0.0106811317644239,0.009206121,0.008246132,0.008328136056661606
2025-08-28,0.0107794852648599,0.0093111815,0.008404466,0.008582246489822865
2025-08-29,0.0108128375785621,0.009206121,0.008356296,0.00832537841051817
2025-09-02,0.0086058524246681,0.009734201,0.009244885,0.009399115107953548
2025-09-03,0.0078004073598986,0.00994458,0.009593482,0.009759387001395226
2025-09-04,0.0061037619680641,0.01010112,0.009659606,0.00976212415844202
2025-09-05,0.0033353292459635,0.009977944,0.009875092,0.010074945166707039
2025-09-08,0.0041301517836624,0.010021688,0.009605289,0.009743909351527691
2025-09-09,0.0041106344181946,0.009030757,0.009130265,0.009080875664949417
2025-09-10,0.0044855773965917,0.009030757,0.008993699,0.009079672396183014
2025-09-11,0.007182541265899,0.009030757,0.009128595,0.009033102542161942
2025-09-12,0.0078383780786914,0.00920353,0.008931118,0.008983904495835304
2025-09-15,0.0108623285768416,0.009415252,0.008942957,0.00897722877562046
2025-09-16,0.0112952891019728,0.00920353,0.008894066,0.00881831906735897
2025-09-17,0.0137576572003467,0.00920353,0.008981234,0.008864062838256359
2025-09-18,0.0118298853169724,0.009030757,0.009178455,0.009077448397874832
2025-09-19,0.012027687195914,0.009030757,0.009005495,0.009088042192161083
2025-09-22,0.0104833342478746,0.009218949,0.009586678,0.009665554389357567
2025-09-23,0.0099259669032295,0.009218949,0.009711426,0.009590137749910355
2025-09-24,0.0042217705101759,0.009527164,0.010027144,0.009937376715242863
2025-09-25,0.0075563499770174,0.009447732,0.009979639,0.009794345125555992
2025-09-26,0.0076256217068416,0.009447732,0.010194022,0.009970326907932758
2025-09-29,0.0089952244062707,0.009659454,0.009830869,0.009807275608181953
2025-09-30,0.0089626642893867,0.009218949,0.00934923,0.009361562319099903
2025-10-01,0.0099532333197042,0.009082398,0.009181803,0.009258688427507877
2025-10-02,0.0171690844577062,0.009082398,0.009106472,0.009255005978047848
2025-10-03,0.016987835042728,0.008894206,0.00900447,0.008928347378969193
2025-10-06,0.0208230881469282,0.009447732,0.009630858,0.009612766094505787
2025-10-07,0.0208211537964355,0.009659454,0.0096050985,0.00961892120540142
2025-10-08,0.0203083784032363,0.009674951,0.009915002,0.009976138360798359
2025-10-09,0.0117142048255261,0.0098645035,0.011328316,0.011348324827849865
2025-10-10,0.0207208051862131,0.010178429,0.011913935,0.011943883262574673
2025-10-13,0.0211421403187609,0.010734536,0.011736238,0.012062529101967812
2025-10-14,0.0379955147320449,0.011048461,0.011990595,0.012338142842054367
2025-10-15,0.0375051577520472,0.010734536,0.011871141,0.012111876159906387
2025-10-16,0.0366083450233317,0.013290697,0.011146668,0.011281340382993221
2025-10-17,0.0357797583264387,0.011007797,0.013112452,0.013316212221980095
2025-10-20,0.0297215767818215,0.011007797,0.012761618,0.013295731507241726
2025-10-21,0.0175512783450568,0.011917934,0.01622877,0.016109440475702286
2025-10-22,0.0178502342898496,0.011917934,0.015919846,0.016250193119049072
2025-10-23,0.0137716213110055,0.011917934,0.015712323,0.01617588847875595
2025-10-24,0.0135944698937238,0.011730521,0.015664835,0.016121482476592064
2025-10-27,0.0063745674838031,0.012283797,0.016403241,0.016598166897892952
2025-10-28,0.0079546133587004,0.011781383,0.015296748,0.015696968883275986
2025-10-29,0.0087404568457749,0.011781383,0.015626369,0.015605428256094456
2025-10-30,0.0083748665982458,0.011831761,0.015224573,0.015126246958971024
2025-10-31,0.0084199763235416,0.011781383,0.014703252,0.014726084657013416
2025-11-03,0.0148642383891884,0.0146531295,0.013318752,0.01365217287093401
2025-11-04,0.0117153455674915,0.011567468,0.014192439,0.014391712844371796
2025-11-05,0.0136491819658776,0.01151709,0.013075728,0.013583107851445675
2025-11-06,0.0145641398974569,0.011567468,0.013942118,0.014143779873847961
2025-11-07,0.0213289708250541,0.01151709,0.013134298,0.01310127042233944
2025-11-10,0.0169295474484133,0.01151709,0.01347303,0.013635178096592426
2025-11-11,0.0169242614331018,0.01151709,0.013956294,0.013909940607845783
2025-11-12,0.0105814928817161,0.011890257,0.013645814,0.014010115526616573
2025-11-13,0.0105437238081155,0.011794687,0.014840065,0.014746008440852165
2025-11-14,0.0047964649992437,0.01151709,0.015402178,0.015475624240934849
2025-11-17,0.0044218129002263,0.01151709,0.015474561,0.015340117737650871
2025-11-18,0.0059546842428168,0.010644027,0.012172023,0.012073525227606297
2025-11-19,0.0060589757542896,0.010077457,0.0100410925,0.010269368067383766
2025-11-20,0.0040111377258737,0.010077457,0.01013861,0.010452988557517529
2025-11-21,0.0040113752403686,0.010077457,0.009591034,0.009987613186240196
2025-11-24,0.0101022402980082,0.00964255,0.009090716,0.009113208390772343
2025-11-25,0.0093332297490602,0.009540346,0.0091070905,0.009134762920439243
2025-11-26,0.0091496555152491,0.009540346,0.009149966,0.009188023395836353
2025-11-28,0.0070513757447627,0.009540346,0.009449918,0.009600963443517685
2025-12-01,0.0067344927085156,0.009648521,0.009980216,0.010124475695192814
2025-12-02,0.0042578496475306,0.009619778,0.009390816,0.00949493795633316
2025-12-03,0.0042966840982465,0.009648521,0.009751857,0.00974357221275568
2025-12-04,0.010563526715457,0.009648521,0.009275925,0.009350351057946682
2025-12-05,0.0104174401256709,0.009648521,0.009246652,0.00932256504893303
2025-12-08,0.0090080352598649,0.009540346,0.009253944,0.00929222721606493
2025-12-09,0.0094337465025332,0.009540346,0.008840308,0.008874638006091118
2025-12-10,0.0087199536923208,0.009721981,0.008799835,0.008813834749162197
2025-12-11,0.0046102213969175,0.009401921,0.008922611,0.008938366547226906
2025-12-12,0.0047454709213969,0.009401921,0.009283344,0.009091811254620552
2025-12-15,0.0084588897843126,0.008894206,0.008019882,0.008120251819491386
2025-12-16,0.0075565467617216,0.008830516,0.007958989,0.008018521592020988
2025-12-17,0.0083280276674835,0.009066979,0.0091706645,0.009113061241805553
2025-12-18,0.0071775256001984,0.008894206,0.008464926,0.00848471000790596
2025-12-19,0.0257711686190699,0.009066979,0.008605187,0.008675849996507168
2025-12-22,0.0243078183855795,0.009030757,0.009324695,0.00956655852496624
2025-12-23,0.0234376462595873,0.009403097,0.009521365,0.0100812166929245
2025-12-24,0.0233070750877753,0.009030757,0.00931604,0.009448366239666939
2025-12-26,0.0275770810836085,0.009824962,0.009539684,0.010055217891931534
2025-12-29,0.0145865998990544,0.010077457,0.011594893,0.012207255698740482
2025-12-30,0.0157185696071622,0.010077457,0.011366852,0.011820700950920582
2025-12-31,0.0140360820270082,0.010077457,0.011774042,0.012167591601610184
2026-01-02,0.013270820813322,0.010077457,0.011473182,0.011768421158194542
2026-01-05,0.0121882864810574,0.010644027,0.012222889,0.012659355066716671
2026-01-06,0.0128920502860227,0.010644027,0.011707158,0.011892568320035934
2026-01-07,0.0109808814913753,0.010644027,0.012129234,0.012494600377976894
2026-01-08,0.0114143275123113,0.010644027,0.011693064,0.011643155477941036
2026-01-09,0.0127690788169532,0.010644027,0.011880054,0.012385637499392033
2026-01-12,0.0175988999720965,0.010644027,0.01173769,0.012150852009654045
2026-01-13,0.0169124663520718,0.010644027,0.011927622,0.012074493803083897
2026-01-14,0.0170099583680233,0.010644027,0.011717575,0.01217291597276926
2026-01-15,0.0151169210734428,0.010644027,0.01177183,0.012004461139440536
2026-01-16,0.0094719570839315,0.010644027,0.011552506,0.011579262092709541
2026-01-20,0.0077143920608618,0.011719349,0.012931769,0.013698606751859188
2026-01-21,0.0155119351936543,0.0111537445,0.012742948,0.013483882881700993
2026-01-22,0.0170288239685796,0.011007797,0.012477878,0.013358398340642452
2026-01-23,0.063698819353334,0.011007797,0.012132262,0.012985342182219028
2026-01-26,0.0612313336763289,0.011441323,0.01300789,0.013793256133794785
2026-01-27,0.070736140741006,0.011441323,0.013520476,0.014056534506380558
2026-01-28,0.0658347476553043,0.011007797,0.01235822,0.013337137177586555
2026-01-29,0.0651373624408292,0.011007797,0.0129107395,0.013811275362968445
2026-01-30,0.0311466270503133,0.012283797,0.017242612,0.017215264961123466
2026-02-02,0.0264853837240145,0.012283797,0.016985385,0.01683291420340538
2026-02-03,0.0149638792829445,0.012129656,0.01587192,0.016281606629490852
2026-02-04,0.015521816786217,0.012283797,0.017099751,0.017051560804247856
2026-02-05,0.0214760977963212,0.0127446465,0.017427983,0.017248503863811493
2026-02-06,0.0217528976627977,0.01188086,0.015522157,0.016228390857577324
2026-02-09,0.0228896651406878,0.011693447,0.0155699635,0.016417572274804115
2026-02-10,0.0258612501690049,0.0114662275,0.014883296,0.015070985071361065
2026-02-11,0.0246395215029114,0.01165364,0.014838716,0.015255363658070564
2026-02-12,0.020938887012826,0.011380055,0.016358312,0.01628776639699936
2026-02-13,0.0226827494933195,0.0114662275,0.015225439,0.015958836302161217
2026-02-17,0.0159845910176879,0.011781383,0.016342057,0.01607927866280079
2026-02-18,0.0149638166255861,0.01151709,0.0146829365,0.015021253377199173
2026-02-19,0.0156872066907372,0.0115939705,0.01595208,0.015627307817339897
2026-02-20,0.0150555765988602,0.011329677,0.014682338,0.014965424314141273
2026-02-23,0.0101785439512359,0.011567468,0.015620482,0.015524480491876602
2026-02-24,0.020365219970768,0.011556896,0.014432987,0.015562988817691803
2026-02-25,0.0195697407568467,0.01151709,0.013655008,0.014276184141635895
2026-02-26,0.0198517646892398,0.01151709,0.014883817,0.015278786420822144
2026-02-27,0.0209792633877243,0.01151709,0.014090782,0.014254665933549404
2026-03-02,0.0191987773730749,0.0118653625,0.014569126,0.01655932143330574
2026-03-03,0.0165224735294223,0.0118653625,0.016398625,0.01659010723233223
2026-03-04,0.0181966952539223,0.011781383,0.014260756,0.014769190922379494
2026-03-05,0.0180702947512888,0.011781383,0.015614875,0.015155204571783543
2026-03-06,0.017051367239431,0.011831761,0.015574973,0.015281270258128643
2026-03-09,0.0171571050250698,0.011781383,0.01558979,0.01510478463023901
2026-03-10,0.0058533182984418,0.011997006,0.013672481,0.013950629159808159
2026-03-11,0.0084954552780046,0.01151709,0.0150596,0.014657409861683846
2026-03-12,0.0237768012628115,0.012068602,0.015631272,0.014921201393008232
2026-03-13,0.0244498984915414,0.011605847,0.014387602,0.014647814445197582
2026-03-16,0.0249023676314835,0.011341847,0.0136342365,0.014194874092936516
2026-03-17,0.0242550829131636,0.011119154,0.01072325,0.01104151550680399
2026-03-18,0.0361501272043319,0.01187349,0.0115295965,0.012121083214879036
2026-03-19,0.0298842163942041,0.012283797,0.01656193,0.016248559579253197
2026-03-20,0.034143009919175,0.01283531,0.016887225,0.01676197163760662
2026-03-23,0.0285343366891172,0.014341361,0.018638918,0.01783856377005577
2026-03-24,0.0296003163266743,0.015607838,0.019033391,0.018204448744654655
2026-03-25,0.0287344495099706,0.012283797,0.01672452,0.016583174467086792
2026-03-26,0.0240236070178722,0.013265147,0.019165253,0.018197976052761078
2026-03-27,0.0229566320476578,0.014040526,0.016738895,0.017240896821022034
2026-03-30,0.0231718595707374,0.013725854,0.018383423,0.01751370169222355
2026-03-31,0.0217933807962061,0.011744309,0.015075974,0.016651026904582977
2026-04-01,0.0176508699379945,0.011744309,0.015225461,0.01570923812687397
2026-04-02,0.009969650504471,0.011556896,0.015671602,0.016554199159145355
2026-04-06,0.0106865207635645,0.011329677,0.015445452,0.015769988298416138
2026-04-07,0.0119419302895793,0.01151709,0.015489535,0.01588020846247673
2026-04-08,0.010487555033448,0.011997006,0.014717051,0.015647629275918007
2026-04-09,0.009888087927581,0.01151709,0.014679269,0.014961093664169312
2026-04-10,0.0111392507398703,0.01151709,0.013465237,0.01366121880710125
2026-04-13,0.0125888158732865,0.011329677,0.013201574,0.013680093921720982
2026-04-14,0.0136830300216728,0.011329677,0.013677693,0.013689757324755192
2026-04-15,0.0147943320512637,0.011329677,0.013383184,0.013627149164676666
2026-04-16,0.0148556787351714,0.01151709,0.013482277,0.013602113351225853
2026-04-17,0.01193219508957,0.011997006,0.013526739,0.013511896133422852
2026-04-20,0.0118759034314541,0.01151709,0.013979325,0.014143171720206738
2026-04-21,0.0102580253662358,0.011781383,0.015013881,0.014897393062710762
2026-04-22,0.0079235754124853,0.011781383,0.014415202,0.01477140188217163
2026-04-23,0.0132151989968942,0.0115939705,0.014043624,0.014299403876066208
2026-04-24,0.0131647357070224,0.010644027,0.01193636,0.012375076301395893
2026-04-27,0.0160010500190039,0.010644027,0.011348085,0.011335862800478935
2026-04-28,0.015637056268671,0.010644027,0.011087349,0.011655365116894245
2026-04-29,0.0190877685594082,0.010644027,0.01083278,0.01119784452021122
2026-04-30,0.0183744485174921,0.010077457,0.010238835,0.010285180993378162
2026-05-01,0.0183754503368686,0.009540346,0.009774098,0.009588939137756824
2026-05-04,0.0108534406354614,0.009619778,0.010648945,0.011303138919174671
2026-05-05,0.0133844511794731,0.010077457,0.010447528,0.010856694541871548
2026-05-06,0.0056228617376489,0.010077457,0.011135827,0.011851594783365726
2026-05-07,0.0056429725725704,0.010077457,0.0112492,0.011803668923676014
2026-05-08,0.0118570256223685,0.010077457,0.011177305,0.011710008606314659
2026-05-11,0.0118062607983728,0.010077457,0.009996964,0.01079199556261301
2026-05-12,0.0118724124085394,0.010077457,0.010174088,0.010412742383778095
2026-05-13,0.0121891581640758,0.010077457,0.009479974,0.01005956158041954
2026-05-14,0.0128486355357474,0.010077457,0.009456154,0.010102746076881886
2026-05-15,0.006003108428764,0.010077457,0.01085207,0.0111218998208642
2026-05-18,0.0061184823568925,0.010077457,0.010393644,0.010402013547718525
2026-05-19,0.0066615601253964,0.009619778,0.010207282,0.010729883797466755
2026-05-20,0.008738449756516,0.00982704,0.010200655,0.010453629307448864
2026-05-21,0.0110721366723962,0.009540346,0.010076319,0.010399699211120605
2026-05-22,0.0142570326192009,0.009619778,0.009282566,0.010049020871520042
2026-05-26,0.0143290198343455,0.00964255,0.009359165,0.010089168325066566
2026-05-27,0.0143127107780162,0.009619778,0.009200317,0.009829639457166195
2026-05-28,0.0137659909905677,0.009540346,0.009245826,0.009901770390570164
2026-05-29,0.0163352365098881,0.009540346,0.009453415,0.009918575175106525
2026-06-01,0.0159333387408983,0.009540346,0.010336805,0.010546374134719372
2026-06-02,0.0155638632332484,0.009540346,0.009792591,0.009610605426132679
2026-06-03,0.0194479697898881,0.009619778,0.00992982,0.009857086464762688
2026-06-04,0.0159380912363218,0.009540346,0.0094667645,0.009280105121433735
2026-06-05,0.0244251053851065,0.010122192,0.011164815,0.012124037370085716
2026-06-08,0.0284982969567127,0.009619778,0.010221687,0.010337911546230316
2026-06-09,0.026848456118325,0.010122192,0.011020937,0.011949051171541214
2026-06-10,0.0155007327641889,0.011372356,0.013654661,0.014528877101838589
2026-06-11,0.0246138473106546,0.0109893,0.0116411215,0.013647033832967281
2026-06-12,0.021313631253095,0.010644027,0.012317716,0.013949966058135033
2026-06-15,0.0145527580577571,0.010644027,0.012078256,0.013139735907316208
2026-06-16,0.0167805324651939,0.010644027,0.012226897,0.013218818232417107
2026-06-17,0.0180278631900486,0.011744243,0.012238561,0.014231711626052856
2026-06-18,0.0189488413627302,0.011341553,0.01481739,0.014944861643016338
2026-06-22,0.0191825208396014,0.011341553,0.014741155,0.01562293991446495
2026-06-23,0.0192376401760177,0.0116443485,0.015377861,0.016023604199290276
2026-06-24,0.0110306274517774,0.012506856,0.01622195,0.017397565767169
2026-06-25,0.011152021532845,0.012283797,0.015658343,0.016710879281163216
2026-06-26,0.0108856559135981,0.011781383,0.015384534,0.015461072325706482
2026-06-29,0.0065783924659799,0.011781383,0.01567723,0.015933649614453316
2026-06-30,0.012790708973093,0.011781383,0.015434035,0.01563197746872902
2026-07-01,0.0134384561331776,0.01151709,0.013231214,0.013746005482971668
2026-07-02,0.0131461763427443,0.01151709,0.013314588,0.013437335379421711
2026-07-06,0.0156939048899047,0.01151709,0.013213227,0.013315991498529911
2026-07-07,0.0190360660724414,0.0146531295,0.012774046,0.013420294970273972
